#{"t_start": 1702215195.37333, "env_id": "None"}
r,l,t
-10.0,54,0.27525
-10.0,149,0.333303
-10.0,128,0.378344
-10.0,207,0.452412
-10.0,248,0.540492
-10.0,180,0.60455
-10.0,76,0.631575
-10.0,58,0.652594
-10.0,239,0.737671
-10.0,61,0.759691
-9.0,1055,1.904236
-10.0,55,1.925254
-10.0,241,2.012334
-10.0,250,2.101415
-10.0,124,2.145455
-10.0,65,2.168476
-10.0,383,2.305601
-10.0,89,2.336629
-10.0,59,2.358649
-10.0,64,2.38167
-9.0,429,3.262655
-10.0,380,3.417796
-10.0,64,3.440817
-10.0,136,3.489861
-10.0,108,3.527896
-10.0,66,3.551918
-10.0,66,3.703055
-8.0,1306,4.906149
-10.0,286,5.03827
10.0,66,5.061291
-10.0,172,5.123347
-9.0,98,5.158379
-10.0,151,5.212428
-8.0,1331,6.472574
-10.0,59,6.498598
-10.0,216,6.582674
-10.0,379,6.717798
-10.0,330,6.835905
-10.0,179,6.899963
-10.0,66,6.923985
-10.0,91,6.956014
11.0,251,7.120163
10.0,63,7.143184
-9.0,214,7.945914
-9.0,791,8.268208
10.0,67,8.29223
-10.0,60,8.313249
-10.0,180,8.377307
-9.0,467,8.550464
10.0,67,8.574486
-10.0,67,8.599509
-10.0,85,8.629536
-10.0,152,8.691593
-9.0,359,9.671987
-9.0,564,9.890733
-9.0,765,10.171008
-10.0,56,10.191026
-9.0,433,11.079348
-10.0,65,11.107373
-9.0,272,11.218474
-10.0,157,11.280531
-10.0,89,11.312561
-10.0,98,11.449685
-10.0,72,11.475709
-8.0,1065,11.857056
-9.0,193,12.678313
-9.0,621,12.92654
-10.0,64,12.949561
-10.0,79,12.977586
-10.0,69,13.002609
-10.0,180,13.067668
-10.0,65,13.09169
-10.0,55,13.111708
-10.0,53,13.130726
-10.0,357,13.257841
-9.0,374,13.391963
11.0,250,14.201699
-9.0,192,14.278769
11.0,252,14.376859
-9.0,1027,14.79624
-10.0,270,14.892832
-10.0,187,15.66904
-10.0,59,15.695064
-10.0,271,15.804163
-9.0,649,16.036375
-10.0,336,16.155483
-10.0,57,16.176503
-8.0,1376,17.386603
-10.0,202,17.458669
-8.0,1141,18.55967
-8.0,946,18.920999
10.0,57,18.942018
-10.0,178,19.005075
-10.0,57,19.026094
-10.0,60,19.048115
-10.0,119,19.091154
-10.0,278,19.195248
-10.0,143,19.247296
-10.0,448,20.138608
-10.0,106,20.182648
-10.0,66,20.208672
-9.0,1069,20.594023
-10.0,62,20.616043
-10.0,105,20.655078
-10.0,59,20.676097
-9.0,194,20.74516
-10.0,58,20.766179
-10.0,61,20.788199
-10.0,155,21.563904
-10.0,58,21.588927
-9.0,192,21.666998
-10.0,65,21.694023
-10.0,300,21.801121
-10.0,280,21.900715
-10.0,239,21.985792
-10.0,119,22.031834
-10.0,58,22.053854
-9.0,482,22.22501
-10.0,149,23.000715
-9.0,723,23.282972
-10.0,68,23.306994
-10.0,262,23.40208
-9.0,195,23.472144
-10.0,60,23.496166
-10.0,58,23.518186
-10.0,69,23.543209
-10.0,123,23.587249
-10.0,111,23.626284
-10.0,61,23.648304
-9.0,853,24.735293
-10.0,209,24.810361
-9.0,687,25.057586
11.0,212,25.133655
-10.0,184,25.198715
-10.0,68,25.223737
-10.0,60,25.245757
-10.0,293,26.072509
-10.0,412,26.229652
10.0,61,26.251672
-9.0,553,26.44685
-10.0,156,26.502901
-10.0,147,26.554948
-5.0,1228,27.729016
-10.0,199,27.800081
-10.0,210,27.875149
-9.0,908,28.927105
-10.0,58,28.951128
10.0,56,28.972147
-10.0,60,28.997169
-8.0,969,29.3605
-10.0,65,29.383521
-10.0,58,29.40454
-10.0,62,29.427561
-10.0,125,29.471601
-10.0,121,29.51464
-10.0,339,29.635751
-10.0,211,30.463006
-5.0,587,30.695218
-10.0,56,30.715236
-10.0,63,30.738257
-10.0,62,30.760277
-7.0,1533,32.019097
-10.0,72,32.048123
-10.0,64,32.073146
-10.0,364,32.205266
13.0,714,32.459497
-10.0,352,32.585612
-10.0,317,33.472418
-9.0,322,33.607542
-10.0,124,33.659589
-10.0,179,33.723647
-10.0,63,33.746668
-9.0,242,33.834748
-10.0,125,33.88079
-10.0,54,33.900808
-10.0,58,33.921828
-7.0,792,34.930745
-10.0,64,34.95877
-10.0,56,34.981791
-10.0,134,35.037842
10.0,60,35.062865
12.0,296,35.171964
-7.0,1502,36.441118
-9.0,206,36.524194
-10.0,57,36.549217
-4.0,1651,37.836387
-8.0,1105,38.259773
-6.0,2287,39.823699
-9.0,757,40.809595
-10.0,280,40.9247
-8.0,403,41.078841
-10.0,57,41.098859
-10.0,454,41.262007
-10.0,182,41.327067
-10.0,67,41.351089
-10.0,72,41.377112
-10.0,244,41.464215
-10.0,65,41.487258
-10.0,91,41.520324
-9.0,651,42.482747
-10.0,112,42.523784
-10.0,65,42.547806
-9.0,225,42.62888
-6.0,1565,43.976105
-10.0,227,44.064185
11.0,189,44.13525
-10.0,63,44.15827
-10.0,60,44.17929
-10.0,273,44.277379
-10.0,278,44.37647
-10.0,62,44.398489
10.0,105,44.436524
-10.0,304,45.288299
-9.0,108,45.338344
-10.0,72,45.36737
-5.0,4565,48.642349
-10.0,310,48.753451
-10.0,95,48.793487
-7.0,1435,50.06566
11.0,142,50.118709
-10.0,74,50.146734
10.0,69,50.171757
-9.0,518,50.361946
-6.0,892,51.415407
-10.0,123,51.468456
-10.0,261,51.621595
13.0,1086,52.005945
-10.0,471,52.927783
-10.0,80,52.961813
-10.0,138,53.015863
11.0,211,53.10094
-9.0,442,53.260085
-9.0,167,53.32014
-10.0,372,53.45226
-1.0,5115,57.580014
11.0,179,57.649078
-10.0,61,57.671098
-9.0,238,57.756175
16.0,2890,59.605577
-9.0,517,60.539929
-8.0,1215,60.984334
-7.0,1566,62.27851
11.0,231,62.450667
12.0,883,62.772961
-9.0,682,63.733835
-10.0,64,63.756856
-10.0,292,63.86095
-10.0,185,63.92701
-10.0,333,64.045118
-10.0,143,64.097165
-9.0,953,65.206174
-10.0,263,65.300259
-10.0,371,65.43338
-10.0,282,65.535977
-10.0,174,65.600035
-9.0,214,65.676105
-10.0,279,66.557906
-10.0,64,66.584931
15.0,3400,68.570737
-10.0,58,68.591756
-10.0,124,68.636797
-10.0,145,68.687844
-10.0,121,68.731884
-10.0,83,69.496081
-7.0,1508,70.111642
-10.0,56,70.13266
-6.0,1232,71.382301
-8.0,1378,72.604413
-10.0,226,72.698498
10.0,68,72.728525
-10.0,129,72.779572
-9.0,923,73.106869
-9.0,143,73.158917
-8.0,1445,74.466106
-10.0,100,74.502138
-10.0,132,74.549181
-1.0,2343,76.114107
-10.0,74,76.14013
-8.0,1548,77.473343
-10.0,101,77.509376
11.0,223,77.589448
-10.0,66,77.61347
-9.0,880,78.642909
-10.0,68,78.668932
-10.0,94,78.707968
-9.0,334,78.827077
-10.0,63,78.850098
-10.0,247,78.939179
-8.0,1961,80.373484
-10.0,347,80.50916
-10.0,58,80.534183
-9.0,569,80.755392
-7.0,1624,82.167179
10.0,65,82.1902
-10.0,158,82.247252
-9.0,294,83.109036
-9.0,656,83.36727
-10.0,283,83.468363
-10.0,59,83.490382
-9.0,306,83.598481
10.0,70,83.624504
13.0,414,83.770637
-8.0,1178,84.985743
-9.0,161,85.043795
-10.0,213,85.118864
-9.0,201,85.190929
-9.0,232,85.273508
12.0,937,86.389538
-10.0,53,86.41006
-10.0,126,86.456606
13.0,327,86.577716
-8.0,1828,87.980992
-10.0,305,88.141138
13.0,1193,89.321211
-9.0,740,89.597463
12.0,231,89.681539
-8.0,1060,90.945689
-9.0,350,91.083815
12.0,270,91.180903
-10.0,191,91.252969
11.0,209,91.333041
-9.0,587,91.558246
14.0,1772,93.126685
12.0,1224,94.45441
-10.0,58,94.475429
-10.0,138,94.529478
-10.0,121,94.574519
-8.0,1534,95.858189
-10.0,364,96.089904
15.0,579,96.296091
-8.0,321,96.410195
13.0,1432,97.666337
-10.0,125,97.711379
-7.0,2139,99.276802
12.0,241,99.368886
-10.0,190,99.500005
-10.0,57,99.522026
-10.0,61,100.367315
-9.0,555,100.60353
-10.0,211,100.687607
-10.0,60,100.709627
-10.0,319,100.832739
-9.0,219,100.914814
-8.0,1099,102.154942
-8.0,1016,102.602348
-10.0,60,102.629373
-10.0,97,102.672412
-8.0,423,103.593249
10.0,126,103.6493
-10.0,238,103.744387
-9.0,534,103.952577
-7.0,2322,105.511497
-10.0,136,105.561542
-10.0,126,105.607584
-10.0,211,105.681651
-10.0,65,105.705673
-7.0,1415,106.936793
-10.0,64,106.959814
-8.0,353,107.084928
10.0,66,107.10895
-10.0,273,107.217048
-8.0,1302,108.435156
-10.0,145,108.486202
-6.0,3004,111.057541
-10.0,172,111.125603
-8.0,450,111.296759
-10.0,56,111.317778
-10.0,110,111.356813
-10.0,59,111.377832
12.0,480,111.547987
-9.0,415,111.698124
-5.0,2035,113.147946
-9.0,216,114.12184
-10.0,93,114.166881
13.0,345,114.313015
12.0,1376,114.808465
-10.0,97,114.844498
-10.0,62,114.86852
10.0,69,115.712287
-10.0,56,115.736309
-9.0,408,115.906464
-3.0,4355,119.106879
-9.0,393,119.248007
-10.0,367,119.398144
10.0,63,119.425168
-10.0,62,119.451192
-10.0,57,119.474213
-8.0,1168,120.777903
11.0,118,120.820941
-10.0,61,120.843962
-5.0,3366,123.7346
-8.0,511,123.930779
-7.0,1278,125.199934
-10.0,58,125.224956
-9.0,238,125.322044
-8.0,1243,125.807486
11.0,144,125.859534
-10.0,180,125.931599
-6.0,2430,128.507942
-9.0,832,128.819728
-10.0,61,128.841748
-6.0,983,129.935743
11.0,573,130.171958
-8.0,743,130.439201
-9.0,806,131.589751
10.0,64,131.616775
-7.0,1152,132.060179
-7.0,1447,133.428926
-9.0,188,133.496989
-10.0,58,133.518008
10.0,66,133.54303
-10.0,235,133.629109
-10.0,60,133.652129
-10.0,335,133.776242
-10.0,239,133.865323
-10.0,61,133.887343
-10.0,60,133.909364
11.0,350,134.809181
-7.0,1615,135.396716
12.0,523,136.359839
-6.0,2665,138.10534
11.0,509,138.286996
-9.0,957,139.425474
-10.0,61,139.449495
-9.0,531,139.640159
-10.0,187,139.708218
-7.0,1656,141.107921
12.0,227,141.189491
-10.0,82,141.219517
10.0,68,141.244038
12.0,1294,142.525639
0.0,3388,144.51535
12.0,312,145.37659
-10.0,67,145.405115
12.0,947,145.762422
-7.0,860,146.067685
-10.0,253,146.941936
-9.0,268,147.056034
-3.0,4673,150.338856
-6.0,527,150.527018
-10.0,147,150.579563
-5.0,2879,153.169289
-9.0,544,153.363456
-10.0,143,153.4145
11.0,178,153.478555
11.0,183,153.544112
-3.0,2558,155.252581
-9.0,441,156.221913
-7.0,1993,157.814282
12.0,638,158.050486
-10.0,60,158.072505
-6.0,1876,159.515245
12.0,364,159.645357
-9.0,217,159.723424
-6.0,2062,161.326802
-8.0,857,162.402226
10.0,62,162.42925
11.0,507,162.618413
-8.0,711,162.872631
11.0,175,162.935185
12.0,255,163.026764
-8.0,906,164.142723
-9.0,1121,164.597614
12.0,400,165.580459
-10.0,363,165.726584
-8.0,274,165.828172
13.0,1694,167.249894
-8.0,1764,168.71115
14.0,1676,169.323177
12.0,304,170.237462
-9.0,241,170.338049
-8.0,1862,171.774784
10.0,55,171.795301
-10.0,100,171.835335
-9.0,462,172.048019
-10.0,144,172.102565
11.0,679,172.345775
-10.0,182,172.41033
-10.0,352,173.307601
-6.0,2244,174.962524
-10.0,101,175.005061
-9.0,505,175.18972
-9.0,375,175.325336
-10.0,75,175.35336
-9.0,191,175.424422
-10.0,272,175.521005
11.0,153,176.327198
-7.0,2471,178.010645
-10.0,178,178.0742
-9.0,212,178.150265
12.0,243,178.237339
12.0,303,178.344432
-9.0,584,178.55111
-10.0,313,179.444377
-9.0,673,179.700598
12.0,465,179.86674
11.0,157,179.922789
10.0,69,179.94781
11.0,224,180.027379
-9.0,607,181.032242
-10.0,102,181.074779
-9.0,887,181.391051
3.0,3521,184.375623
13.0,1465,185.721773
12.0,940,186.070573
-10.0,57,186.091091
15.0,2927,188.810428
-9.0,689,189.087167
-3.0,6070,193.792712
10.0,61,193.815231
-10.0,78,193.844757
-10.0,69,193.870278
11.0,453,194.03492
-9.0,984,195.256971
11.0,541,195.466651
-10.0,84,195.497177
-10.0,276,195.595762
-10.0,169,195.656814
-9.0,192,195.725874
-10.0,60,195.747392
-9.0,204,195.819955
11.0,214,195.896521
-10.0,56,196.6867
-10.0,56,196.712722
-1.0,4684,199.954009
-10.0,140,200.003551
10.0,83,200.033577
11.0,224,200.113145
-9.0,827,200.405897
-9.0,339,201.274643
-8.0,1463,201.8051
-5.0,2494,204.14361
-7.0,1603,204.729614
-8.0,1041,205.881604
11.0,353,206.007212
-10.0,55,206.026729
-10.0,56,206.047247
-2.0,5100,210.143268
11.0,100,210.184804
-9.0,716,210.451032
-10.0,321,210.56513
-10.0,117,210.607167
-10.0,72,210.632689
-10.0,245,210.720264
-10.0,164,210.778814
-10.0,367,211.642056
11.0,303,211.764661
-10.0,216,211.842229
-8.0,562,212.040899
-10.0,415,212.188026
-7.0,1123,213.337514
-9.0,760,213.611249
15.0,901,214.657649
-10.0,1019,215.022462
-10.0,363,215.157078
-10.0,60,215.179597
-8.0,1578,216.468205
15.0,3407,219.174532
-10.0,250,219.263108
12.0,1309,220.462638
12.0,607,220.694338
-10.0,158,220.750386
-10.0,237,220.834959
10.0,61,220.860481
12.0,283,220.962069
-10.0,192,221.030627
-7.0,1988,222.547431
-10.0,64,222.570451
-10.0,378,223.424184
-6.0,2236,225.003042
-10.0,89,225.036071
-10.0,67,225.061092
-7.0,1438,225.578037
-9.0,485,226.469803
-8.0,1259,226.929699
-10.0,75,226.958223
-10.0,113,226.998758
-10.0,63,227.021277
-10.0,65,227.044797
10.0,63,227.067317
11.0,432,227.944071
-10.0,269,228.051163
-9.0,517,228.23432
11.0,265,228.328902
12.0,224,228.40897
-7.0,1828,229.810675
-10.0,61,229.832694
-10.0,75,229.859717
-10.0,167,229.919769
-10.0,331,230.037871
-6.0,1643,231.357505
-10.0,60,231.380025
-10.0,71,231.406547
0.0,5162,235.460032
-9.0,752,235.726761
-9.0,233,235.809332
10.0,70,235.834854
-10.0,66,235.858374
-10.0,299,236.717112
-10.0,182,236.785671
-10.0,114,236.829709
-10.0,155,236.893764
10.0,62,236.916283
10.0,67,236.940305
-10.0,374,237.072918
-10.0,311,237.183513
-10.0,54,237.20303
13.0,1793,238.580714
13.0,1797,239.927372
-10.0,137,239.975914
-8.0,416,240.12354
-10.0,122,240.167579
-10.0,77,240.195102
-10.0,479,241.072857
12.0,374,241.221485
-9.0,554,241.420156
10.0,65,241.443175
-9.0,725,241.705401
-9.0,295,242.55413
-10.0,59,242.580152
-9.0,192,242.662723
10.0,66,242.692248
-5.0,3254,244.597887
-10.0,63,244.620407
-10.0,63,244.642926
-9.0,553,245.616262
-10.0,63,245.645287
-9.0,505,245.842457
10.0,58,245.862975
-9.0,552,246.06765
-9.0,855,247.097035
-9.0,719,247.371772
-2.0,7253,252.221441
-10.0,59,252.963078
-10.0,70,252.996607
-8.0,983,253.365424
-10.0,123,253.409462
10.0,63,253.431982
11.0,188,253.499039
-6.0,2090,254.984816
-9.0,301,255.091408
12.0,263,255.18699
-9.0,817,256.336979
-10.0,355,256.470594
-10.0,56,256.491111
12.0,1590,257.867295
-7.0,2283,259.517713
-9.0,237,259.629309
-10.0,185,259.696867
28.0,4789,263.688798
-10.0,65,263.715321
-10.0,62,263.739842
10.0,65,263.772871
-9.0,767,264.061619
-8.0,1049,265.163567
-9.0,263,265.271659
-8.0,929,265.641978
-8.0,1676,267.113243
-10.0,58,267.137764
13.0,941,267.481559
-9.0,363,268.374827
-10.0,82,268.413362
-4.0,3467,270.794407
13.0,1371,272.075008
-10.0,359,272.202618
-9.0,479,272.388778
-10.0,325,273.266032
-10.0,111,273.31107
10.0,65,273.336592
-9.0,892,273.665876
-10.0,155,273.720923
-3.0,4739,276.9507
-10.0,93,277.756892
-10.0,337,277.900516
-4.0,2487,279.611987
-8.0,933,279.943773
-7.0,1723,281.345478
-6.0,1785,282.881298
-8.0,1181,284.102848
-6.0,3129,286.042015
-10.0,63,286.064534
-8.0,1773,287.496266
-10.0,125,287.542805
12.0,986,288.634744
-10.0,203,288.718816
11.0,120,288.765356
-10.0,60,288.786875
-10.0,53,288.805891
-8.0,1426,290.03795
-10.0,84,290.07298
-9.0,1072,290.494843
14.0,2082,291.981621
-10.0,181,292.046677
10.0,66,292.070197
-10.0,136,292.11924
-8.0,1003,293.197666
-9.0,715,293.452386
-10.0,348,293.576492
-5.0,3131,296.209756
10.0,61,296.231775
-10.0,369,296.366891
-8.0,1768,297.762591
-10.0,59,297.784109
-10.0,65,297.80763
-10.0,81,297.836655
-10.0,63,297.859674
-10.0,62,297.881693
-10.0,90,297.914221
11.0,208,297.988785
-10.0,60,298.010304
-10.0,116,298.05184
-8.0,901,299.164296
-9.0,601,299.390991
-9.0,996,299.749799
10.0,61,300.503947
-10.0,61,300.53047
-9.0,774,300.818218
-10.0,121,300.861755
-9.0,745,301.134989
-10.0,58,301.156008
16.0,2927,303.676174
-5.0,2732,305.448698
-10.0,72,305.47472
-10.0,323,305.592322
-9.0,427,306.48659
-10.0,53,306.506608
-10.0,117,306.554649
-9.0,233,306.648729
-5.0,2624,308.309658
-9.0,736,308.57989
12.0,214,308.655955
-10.0,243,309.483667
-10.0,63,309.51069
-10.0,72,309.540215
-10.0,61,309.565737
-9.0,459,309.732381
-10.0,57,309.753899
-9.0,451,309.918541
-7.0,2277,311.495396
-10.0,62,311.517916
-10.0,310,311.629011
-7.0,2913,314.148177
-9.0,644,314.376873
-9.0,474,314.54702
16.0,2975,317.111725
-9.0,373,317.244839
10.0,57,317.265357
-8.0,350,317.389964
-9.0,313,317.501559
-10.0,63,317.524579
10.0,57,317.545097
10.0,330,318.380315
-6.0,2591,320.057257
-10.0,146,320.109301
-10.0,63,320.131821
-9.0,460,320.294461
11.0,136,320.343002
-10.0,328,320.459603
-10.0,66,320.483123
-5.0,2144,322.715041
-9.0,658,322.966758
-9.0,208,323.049328
-3.0,9259,329.321721
-10.0,109,330.060356
-8.0,298,330.182461
12.0,207,330.26353
12.0,241,330.355109
-7.0,2046,331.798349
-10.0,226,331.87942
12.0,376,332.015036
10.0,68,332.039557
-10.0,330,332.163664
-10.0,153,332.218211
-10.0,57,332.238729
12.0,556,333.185542
-10.0,66,333.209563
-7.0,443,333.3692
-10.0,347,333.493808
10.0,68,333.518329
-10.0,104,333.561866
-10.0,182,333.632427
16.0,3866,336.49789
-9.0,988,337.578318
-10.0,285,337.681908
-8.0,1455,338.903458
-10.0,68,338.928479
-7.0,1004,339.3013
-10.0,65,339.325821
-10.0,144,339.378867
10.0,57,339.399384
-10.0,336,339.518486
-9.0,283,340.343195
-8.0,1122,340.764058
-10.0,152,340.825109
-6.0,1466,342.152251
-10.0,304,342.263346
-8.0,677,342.505554
-10.0,149,342.5586
-4.0,2695,345.119301
-10.0,115,345.160837
-10.0,58,345.183857
13.0,311,345.294452
-9.0,538,345.487118
-9.0,268,345.5832
-10.0,286,346.40941
-9.0,968,346.783732
-10.0,66,346.807753
-10.0,62,346.830272
-10.0,140,346.882317
-6.0,1259,348.105869
17.0,4621,351.390693
-10.0,71,351.417716
11.0,153,351.472763
-10.0,60,351.494782
-10.0,61,351.517302
-10.0,57,351.537819
-8.0,1209,352.778886
-10.0,55,352.798903
11.0,122,352.842441
-9.0,476,353.012087
17.0,3562,355.764953
-9.0,491,355.94711
-7.0,1723,357.275252
-9.0,647,357.505449
26.0,6278,362.096897
-10.0,272,362.200486
12.0,311,363.056221
-10.0,321,363.186332
-7.0,1505,363.730801
-9.0,713,364.747175
-10.0,95,364.781204
-10.0,59,364.802722
-9.0,529,364.992886
-10.0,61,365.014905
-9.0,336,365.135509
11.0,214,365.214076
-4.0,4478,369.155464
11.0,320,369.287578
-9.0,817,369.583833
-5.0,1533,370.877945
13.0,2130,372.394749
11.0,163,372.455301
-10.0,60,372.47732
-8.0,1272,373.807463
-10.0,62,373.833986
11.0,181,373.899042
-8.0,307,374.008636
12.0,315,374.126237
-4.0,1424,375.476398
13.0,1659,376.82806
-9.0,288,376.94466
13.0,1210,377.382036
11.0,124,377.426575
-2.0,163,378.226262
-9.0,518,378.461464
-10.0,64,378.487486
-3.0,3119,380.379113
-9.0,451,381.263373
10.0,73,381.2949
-7.0,464,381.479058
-10.0,59,381.500577
-10.0,61,381.522596
-9.0,501,381.726772
-10.0,144,381.778816
-10.0,56,381.799334
-10.0,205,381.873398
-9.0,316,381.989998
11.0,433,382.9238
13.0,1289,383.421729
-10.0,285,383.52782
-9.0,502,384.485643
-2.0,4732,387.774971
-10.0,238,387.862046
-9.0,989,388.968997
-10.0,211,389.055571
-4.0,4116,391.986091
-8.0,1106,392.382432
-10.0,398,392.53106
-10.0,63,392.553579
-10.0,97,393.284207
11.0,157,393.347761
-10.0,64,393.375285
-10.0,261,393.481877
-8.0,546,393.682049
-8.0,1472,395.086757
-10.0,216,395.166325
-10.0,59,395.187843
-10.0,148,395.240889
-6.0,964,395.592356
-10.0,115,395.633387
10.0,71,395.65941
-10.0,68,396.40709
-10.0,390,396.559228
-8.0,476,396.738392
-10.0,165,396.797446
-10.0,465,396.965599
-10.0,112,397.005635
-10.0,64,397.027655
11.0,210,397.103724
-8.0,906,398.184212
11.0,265,398.279299
12.0,397,398.425432
-10.0,63,398.449453
10.0,341,398.570564
-10.0,416,399.434349
-10.0,154,399.495405
12.0,759,399.771657
-9.0,661,400.023886
-7.0,526,400.93071
-9.0,202,401.008782
-10.0,66,401.032803
-10.0,75,401.059828
-9.0,545,401.255005
-4.0,2437,402.883487
10.0,57,402.904506
-10.0,264,402.998591
-10.0,183,403.779301
-10.0,113,403.820339
-10.0,61,403.845361
-6.0,1946,405.277664
-8.0,403,405.443815
10.0,66,405.467837
-10.0,61,405.489857
-9.0,451,405.650003
-9.0,668,405.888724
-6.0,2299,407.462155
12.0,310,408.329448
-8.0,986,408.704789
-10.0,267,408.801877
-5.0,1435,410.096054
-10.0,349,410.221168
-8.0,518,410.424353
-10.0,67,410.450377
12.0,262,411.315163
-10.0,196,411.397238
-7.0,1790,412.043826
-6.0,2558,414.459023
12.0,1134,414.888413
-10.0,135,414.93946
10.0,68,414.964483
-10.0,578,415.928862
16.0,533,416.122038
-7.0,2065,417.62691
-6.0,4415,420.610635
-10.0,101,420.647669
-8.0,1392,421.854766
-9.0,482,422.030927
12.0,358,422.157042
12.0,579,423.049853
-8.0,360,423.196987
-9.0,901,423.517279
-10.0,57,423.538298
-9.0,492,423.711455
-10.0,58,423.732474
-9.0,897,424.809454
-9.0,714,425.063685
-10.0,62,425.085705
-10.0,64,425.111729
-9.0,701,426.112639
-9.0,354,426.252767
-9.0,314,426.367872
-7.0,2459,427.980841
-8.0,1349,429.223972
-9.0,663,429.488213
-10.0,289,429.59531
12.0,322,429.715419
-10.0,63,429.73844
-8.0,734,430.711325
12.0,272,430.808414
-10.0,405,430.952545
-10.0,269,431.047631
-7.0,1525,432.329797
-9.0,512,432.520971
-10.0,64,432.543992
-10.0,57,432.565011
16.0,1639,433.913238
-8.0,1251,435.056277
-10.0,373,435.189398
-9.0,386,435.326523
-8.0,1117,436.444041
-10.0,66,436.468063
-10.0,541,436.665242
-10.0,70,436.690265
-10.0,58,436.711284
-10.0,306,436.819383
-10.0,389,436.957508
-6.0,1778,438.327928
14.0,1905,439.724198
-10.0,61,439.747219
-9.0,151,439.80327
-10.0,111,439.846309
-9.0,923,440.931296
-9.0,652,441.164509
-10.0,60,441.185528
12.0,650,441.415737
10.0,65,441.439759
-9.0,804,442.432662
-2.0,6194,446.82766
-10.0,60,446.851682
-7.0,1652,448.164876
-5.0,2652,449.838405
-10.0,123,449.887443
-10.0,58,449.908462
-10.0,56,449.92848
-6.0,2128,451.475888
-10.0,57,451.495906
12.0,1106,452.674978
-10.0,164,452.735033
-10.0,151,452.788081
11.0,159,452.845133
-10.0,211,452.922203
11.0,671,453.161421
-9.0,988,454.329986
-10.0,62,454.352006
-9.0,707,454.607238
-10.0,64,454.630259
13.0,1854,456.119116
-8.0,700,457.060973
-10.0,59,457.081991
-10.0,60,457.107015
11.0,579,457.324212
-10.0,167,457.383266
-9.0,368,457.514385
-10.0,149,457.567433
-7.0,1930,459.017753
-9.0,238,459.101829
-9.0,579,459.999646
-6.0,2169,461.483995
-10.0,93,461.517026
-10.0,90,461.556061
-9.0,549,461.75975
-10.0,110,461.798786
-9.0,572,462.008977
16.0,3489,464.750143
11.0,177,464.814202
-9.0,472,465.001372
-8.0,298,465.107468
-10.0,601,466.091363
-9.0,649,466.335585
-10.0,150,466.388634
13.0,1578,467.664794
-10.0,138,467.713839
-8.0,992,468.066159
-10.0,390,468.923939
12.0,451,469.090091
-9.0,402,469.231219
-10.0,95,469.26525
-3.0,3448,471.894646
-9.0,650,472.138869
18.0,4264,475.087131
12.0,923,476.210152
13.0,1139,476.640543
10.0,62,476.662564
-10.0,56,476.682582
-7.0,1777,478.123893
-10.0,76,478.151918
-6.0,2059,479.634267
-8.0,296,479.740363
11.0,200,479.81443
-10.0,149,479.869481
12.0,461,480.779308
10.0,62,480.802329
-10.0,67,480.826351
-10.0,60,480.851374
14.0,1187,481.271259
-9.0,1465,482.520898
-10.0,90,482.552928
14.0,4280,485.693785
13.0,1831,487.145105
-10.0,136,487.19515
-8.0,295,487.301247
11.0,280,487.401338
-10.0,211,488.223085
17.0,3654,490.310985
-5.0,2519,492.666629
-9.0,723,492.935875
15.0,2984,494.751526
-10.0,63,494.775548
-9.0,265,495.584283
-10.0,118,495.630325
10.0,66,495.65735
-10.0,586,495.87755
-10.0,324,495.992655
14.0,903,497.037606
-10.0,322,497.164721
10.0,64,497.189743
-9.0,351,497.314857
-9.0,228,497.396933
-8.0,483,497.581099
11.0,264,497.677187
-6.0,2135,499.207579
-8.0,298,500.057352
13.0,675,500.322594
10.0,64,500.345614
-10.0,145,500.398663
-9.0,328,500.517771
-8.0,516,500.701938
-10.0,170,500.762994
10.0,63,501.493659
-10.0,109,501.548708
-9.0,311,501.683832
-10.0,56,501.70385
14.0,1729,503.018045
-10.0,68,503.04507
-10.0,59,503.06809
15.0,2402,504.663542
11.0,214,504.739611
-10.0,56,504.759629
-8.0,905,505.09093
-10.0,53,505.109948
-9.0,212,505.878647
12.0,385,506.032787
11.0,158,506.089839
-5.0,1591,507.37351
-9.0,214,507.46159
-7.0,937,507.799898
-10.0,317,507.916003
11.0,564,508.854361
-9.0,371,509.0075
-10.0,161,509.064552
12.0,229,509.147628
-10.0,68,509.17265
-9.0,212,509.24972
-6.0,669,509.489939
-10.0,136,509.538984
-10.0,377,510.446809
-9.0,699,510.702041
-8.0,1156,511.854089
-8.0,391,512.012233
-10.0,60,512.033252
11.0,172,512.097311
-10.0,69,512.125336
-9.0,584,512.33853
-7.0,1706,513.680751
-7.0,1616,514.98794
-9.0,213,515.064009
-9.0,492,515.24117
-7.0,549,515.445356
-10.0,65,515.469378
-10.0,322,516.293126
-10.0,58,516.316149
-9.0,214,516.39522
-10.0,167,516.454274
10.0,68,516.479296
-8.0,1001,516.836124
-10.0,378,517.666879
11.0,246,517.758963
10.0,65,517.786989
-9.0,620,518.009695
-10.0,73,518.03672
-7.0,1313,519.190769
-10.0,58,519.211788
-10.0,59,519.23581
-6.0,3034,521.037449
-10.0,96,521.072481
-9.0,306,521.18158
12.0,333,522.031353
-9.0,519,522.234537
-10.0,135,522.282582
-10.0,59,522.304602
-9.0,877,522.630898
-9.0,899,523.66584
11.0,224,523.745913
-10.0,115,523.78695
-10.0,150,523.844002
-9.0,153,523.901054
-6.0,1935,525.308334
-9.0,206,525.3814
-10.0,64,525.404421
-9.0,211,525.479489
-6.0,734,526.457882
10.0,60,526.483906
-8.0,1139,526.898283
-9.0,838,527.920715
-10.0,255,528.016802
-9.0,1014,528.380133
-7.0,1285,529.538187
10.0,68,529.562208
11.0,248,529.650288
-10.0,128,529.699333
-10.0,58,529.724356
-9.0,584,529.933546
15.0,2853,532.354748
-10.0,61,532.376768
-4.0,2781,534.088325
-8.0,307,534.196423
-9.0,913,535.218353
-8.0,1100,535.607707
-9.0,249,535.695787
-10.0,371,536.533051
-10.0,58,536.556072
-8.0,1345,537.050522
-6.0,455,537.943836
-10.0,348,538.084965
13.0,873,538.404256
-10.0,304,538.512354
11.0,301,538.619451
-10.0,63,538.641471
-10.0,60,538.663491
11.0,125,539.37714
12.0,1013,539.757486
15.0,3322,542.435922
-10.0,64,542.460945
-10.0,108,542.501982
-9.0,434,542.658125
10.0,271,542.756214
-10.0,98,542.792247
-10.0,267,542.887333
-9.0,446,543.046478
-9.0,321,543.875232
-7.0,988,544.269591
-10.0,374,544.402711
-10.0,113,544.443749
18.0,4103,547.414955
-8.0,325,548.239206
-10.0,65,548.266231
12.0,1590,548.865777
-10.0,61,548.887797
-10.0,146,548.939844
-7.0,1625,550.249034
-10.0,235,550.333111
12.0,1011,551.451128
11.0,303,551.559227
11.0,118,551.603267
10.0,67,551.627288
-10.0,113,551.668325
16.0,3983,554.573968
0.0,3825,557.486618
-10.0,573,557.692806
-9.0,341,557.819921
-10.0,59,557.841941
-8.0,1462,559.150635
0.0,6998,564.779755
-9.0,816,565.10205
-4.0,4729,568.473115
-10.0,56,568.493133
-10.0,287,568.597228
-10.0,64,568.62225
-10.0,267,569.453006
-6.0,2113,571.010423
-10.0,107,571.056464
19.0,6091,575.791771
-6.0,2201,577.365202
11.0,165,577.426258
-10.0,191,577.50533
-10.0,147,577.56038
-9.0,893,577.890681
14.0,1106,579.024712
11.0,173,579.089771
-10.0,65,579.116796
-10.0,61,579.140818
-10.0,230,579.228898
-7.0,1227,580.461019
-10.0,448,580.626168
-6.0,1989,582.138545
-8.0,334,582.259655
-10.0,60,582.281675
14.0,2200,583.774032
-7.0,511,583.957198
-10.0,270,584.767936
-9.0,251,584.876034
-7.0,1616,586.142185
-10.0,283,586.257291
16.0,763,586.533542
-10.0,165,586.592596
19.0,5441,590.70934
-10.0,210,590.785409
-8.0,1064,591.163753
-9.0,177,591.226811
-8.0,1322,592.436911
-7.0,1643,593.735092
-7.0,3759,596.515621
-8.0,363,596.64574
-10.0,189,596.713802
-10.0,355,596.839916
-1.0,2514,598.451886
-10.0,70,598.47891
12.0,266,599.288646
-9.0,730,599.562896
-8.0,1414,600.793014
-10.0,574,601.00721
11.0,256,601.098293
-9.0,216,601.177365
10.0,71,601.202387
-9.0,667,602.190286
-7.0,2183,603.716674
-10.0,53,603.739695
14.0,3009,605.547844
-10.0,142,605.597889
-10.0,68,605.622912
-10.0,251,605.713995
13.0,357,605.849118
-10.0,78,606.603804
-10.0,273,606.717908
-7.0,1185,607.141796
-8.0,1093,608.25581
-9.0,550,608.451988
-8.0,1253,609.632061
13.0,1508,610.181561
-8.0,1624,611.482745
-10.0,64,611.505766
-10.0,111,611.544801
-7.0,839,612.549715
-10.0,62,612.574738
-8.0,1031,612.946076
-10.0,145,613.007131
-5.0,2733,615.403311
-10.0,57,615.426332
11.0,155,615.485385
-7.0,1558,616.0509
10.0,88,616.807588
-5.0,3744,618.888986
11.0,545,619.794809
-9.0,542,619.998995
-5.0,1880,621.420287
-10.0,91,621.453318
-9.0,251,621.542399
17.0,5470,625.654139
-10.0,58,625.676158
-9.0,831,625.979435
-9.0,897,626.999866
-9.0,197,627.084943
11.0,269,627.192041
-10.0,62,627.215062
-8.0,1341,627.705012
10.0,62,627.727032
-9.0,207,628.516251
-5.0,950,628.868572
16.0,3142,631.410884
-9.0,700,631.677126
-10.0,60,631.699147
-9.0,745,631.965389
-7.0,1701,633.294598
-9.0,436,633.451741
-9.0,254,633.540822
-7.0,1736,634.897056
-9.0,236,634.982133
11.0,219,635.751832
-5.0,2124,637.212785
-8.0,1240,637.669201
-4.0,2946,640.185489
13.0,436,640.357646
-10.0,58,640.378665
-10.0,59,640.400685
-9.0,488,640.575845
-9.0,266,640.670931
11.0,261,640.765017
-4.0,2632,643.147183
-8.0,601,643.367384
13.0,987,643.718703
10.0,71,643.743726
-10.0,152,644.542453
11.0,301,644.670568
12.0,1908,646.085359
-9.0,267,646.190455
-9.0,310,646.300555
-10.0,60,646.322576
-9.0,131,646.369618
-9.0,229,646.451693
-4.0,3846,649.334818
-10.0,101,649.370851
12.0,657,649.604063
-10.0,152,649.658112
-9.0,418,650.526901
11.0,567,650.737093
-9.0,787,651.01935
11.0,242,651.105428
-10.0,347,651.962207
-7.0,1586,652.54774
-10.0,147,652.599787
12.0,1078,653.714802
-6.0,1678,655.017987
-8.0,292,655.122082
-10.0,450,655.283228
-10.0,370,655.414347
-8.0,740,656.401245
11.0,176,656.469307
-10.0,65,656.493329
13.0,1707,657.835052
-7.0,358,657.972178
11.0,287,658.076272
-10.0,63,658.098292
-10.0,292,658.20539
-10.0,58,658.226409
-8.0,698,658.478638
-9.0,566,659.416491
12.0,1286,659.880914
-6.0,845,660.911851
11.0,507,661.092015
-10.0,62,661.115036
11.0,216,661.191105
-7.0,669,662.129959
-9.0,215,662.212034
19.0,2371,663.782462
-10.0,182,663.848522
-10.0,85,663.87955
10.0,65,663.903572
12.0,262,663.996657
-6.0,615,664.216858
-7.0,1916,665.635148
-7.0,2213,667.12901
12.0,209,667.204078
-10.0,312,668.053353
-10.0,68,668.080378
14.0,2074,669.549714
18.0,4941,672.817687
-9.0,449,672.982837
11.0,166,673.041891
-5.0,1279,674.223966
-7.0,562,674.423149
16.0,2637,676.795809
0.0,3072,678.625988
-1.0,3557,681.361476
-10.0,202,681.433542
-10.0,164,681.492596
15.0,2808,683.259203
12.0,305,684.070941
0.0,6025,687.704781
-9.0,347,688.553552
-9.0,349,688.687675
-9.0,493,688.863835
10.0,65,688.887857
-10.0,239,688.972934
-5.0,3220,691.560287
-10.0,64,691.583309
-9.0,483,691.763473
-8.0,315,691.875574
-9.0,444,692.033718
-3.0,2905,694.592045
-8.0,1355,695.090499
14.0,2185,697.307515
10.0,65,697.331537
-10.0,61,697.35656
-3.0,3857,699.448056
-9.0,755,700.432951
-10.0,209,700.50802
-10.0,129,700.555063
-10.0,100,700.591095
-9.0,348,700.714207
-9.0,238,700.801286
-7.0,1534,702.076446
23.0,3310,704.764892
17.0,3900,707.683546
-9.0,274,707.789643
-10.0,118,707.832682
12.0,257,707.927768
-10.0,152,707.981817
-10.0,58,708.002837
-9.0,1003,709.067308
12.0,388,709.219447
11.0,426,709.371585
-8.0,992,709.735917
-5.0,2399,712.068038
-9.0,829,712.373316
14.0,2091,713.857666
-7.0,661,714.093881
12.0,267,714.188967
-8.0,1354,715.402071
-9.0,497,715.579232
11.0,236,715.664309
11.0,171,716.449023
-8.0,1436,717.05708
11.0,400,717.199209
-10.0,64,717.916862
-5.0,607,718.163086
-10.0,63,718.186107
12.0,1088,718.577967
-7.0,1301,719.781061
-10.0,60,719.803082
-10.0,59,719.825102
-10.0,62,719.847121
-9.0,141,719.897167
2.0,5885,724.173056
-10.0,146,724.226105
14.0,1915,725.626378
-10.0,333,725.745487
15.0,1402,726.974605
11.0,409,727.119737
-2.0,3949,730.030109
-7.0,2025,731.492439
-6.0,2411,733.048855
-10.0,140,733.0989
-10.0,149,733.152949
-10.0,62,733.174969
18.0,710,734.149856
13.0,471,734.322013
-10.0,285,734.426107
-3.0,3467,737.160594
11.0,197,737.230658
-9.0,209,737.305727
12.0,1253,738.46378
-10.0,58,738.4858
-10.0,192,738.564872
10.0,103,738.609912
-9.0,531,738.80059
-9.0,201,738.872655
-6.0,2744,740.575204
-7.0,1040,741.650182
-10.0,240,741.735259
-8.0,541,741.938444
-6.0,999,743.040446
13.0,1552,744.300592
-9.0,877,744.628891
-8.0,1099,745.725888
10.0,67,745.753914
-10.0,459,745.941084
-9.0,770,746.214333
-6.0,1162,747.33235
-8.0,368,747.46447
-10.0,61,747.48649
11.0,221,747.566066
4.0,8138,753.389866
15.0,1160,754.495872
-3.0,3264,756.410614
15.0,1886,757.790869
12.0,403,757.937002
-4.0,262,758.035091
10.0,73,758.062116
16.0,1888,759.509936
-10.0,60,759.531956
-9.0,500,760.422766
-7.0,1148,760.839145
-5.0,2895,763.291375
12.0,276,763.403478
-10.0,180,763.473541
-8.0,665,763.710757
-10.0,87,763.741785
13.0,1729,765.069993
17.0,2646,766.773543
18.0,3001,769.292834
-9.0,969,769.636651
-8.0,277,769.735741
-8.0,448,770.601528
-7.0,371,770.747661
11.0,336,770.86777
-8.0,410,771.015905
-9.0,288,771.121001
-10.0,163,771.179053
14.0,2042,772.67041
-10.0,115,772.712448
11.0,267,773.526188
-9.0,837,773.838472
-5.0,2948,775.651121
-2.0,4271,779.363497
-10.0,154,779.426555
-9.0,782,779.712816
-9.0,463,779.879968
-10.0,62,779.902989
12.0,300,780.009589
-2.0,2037,781.470918
-10.0,62,781.493939
10.0,59,781.514958
10.0,75,781.541983
-7.0,494,782.431792
-7.0,1624,783.723968
-10.0,178,783.791028
12.0,288,783.904131
-10.0,187,783.971192
13.0,331,784.090301
13.0,1768,785.479565
12.0,955,785.823877
12.0,330,785.941985
-10.0,349,786.77274
-10.0,63,786.796762
12.0,1282,787.259183
-10.0,283,787.360275
-10.0,100,788.11296
11.0,157,788.177018
11.0,226,788.267099
-10.0,109,788.31114
-10.0,141,788.361185
-10.0,100,788.484298
-8.0,1100,788.874652
-3.0,3467,791.565679
-7.0,405,791.712813
-10.0,116,791.762858
-9.0,159,791.820911
20.0,5435,795.976691
-8.0,1334,797.187792
-10.0,104,797.225827
-4.0,1139,797.630195
-10.0,228,797.71227
10.0,72,797.738293
-4.0,3625,800.480788
-9.0,166,800.539842
13.0,531,801.442165
-1.0,6247,805.828154
-10.0,136,805.886207
-9.0,198,805.962277
12.0,236,806.049356
10.0,60,806.071376
10.0,59,806.093396
-9.0,196,806.167463
-8.0,1040,807.304497
-9.0,319,807.432614
16.0,2702,809.135163
-4.0,1071,810.255181
-6.0,2539,811.953726
-6.0,3088,813.873473
13.0,1570,815.197677
-10.0,305,815.306776
-10.0,62,815.328796
-8.0,369,815.459916
-9.0,564,816.428797
-6.0,523,816.616968
-9.0,361,816.746085
-6.0,2126,818.249956
-9.0,249,818.339037
-9.0,244,818.425116
-10.0,251,819.236853
-5.0,2463,820.864536
15.0,506,821.05571
10.0,70,821.081734
-8.0,1132,822.257803
10.0,54,822.278822
-10.0,59,822.300842
-7.0,1392,822.804301
-9.0,544,823.785192
-9.0,675,824.059442
-10.0,70,824.085466
-9.0,653,824.328687
-10.0,164,824.394747
-8.0,986,825.604481
13.0,1499,827.067812
1.0,6823,831.748075
11.0,126,831.793117
10.0,66,831.81814
-4.0,3697,834.627695
12.0,1392,835.125148
11.0,242,835.978924
-10.0,63,836.007951
-10.0,217,836.099033
-9.0,726,836.361272
-6.0,1888,837.809091
-8.0,1258,838.95814
13.0,515,839.148314
-6.0,1689,840.510556
1.0,5620,844.030758
-8.0,288,844.83953
-10.0,60,844.864552
-5.0,2479,846.493039
-10.0,212,846.57211
10.0,67,846.60116
10.0,68,846.63069
12.0,812,846.918953
-10.0,134,846.966996
7.0,5791,851.22391
-10.0,262,851.316995
-9.0,201,852.097705
11.0,177,852.171772
-2.0,2879,853.958467
11.0,133,854.00551
-6.0,1187,855.213609
13.0,464,855.40178
-10.0,82,855.431807
-10.0,295,855.536903
-10.0,227,855.617976
-2.0,1657,856.974227
4.0,5617,861.145149
21.0,4258,864.087377
11.0,144,864.138422
-9.0,215,864.215493
-6.0,2681,865.886013
-9.0,498,866.783829
10.0,67,866.813856
18.0,5112,870.208019
11.0,813,870.496287
-7.0,1963,871.910573
12.0,543,872.815396
-10.0,96,872.856433
-8.0,1315,873.327863
-6.0,2839,875.814124
-8.0,1146,876.221551
-10.0,72,876.247574
-10.0,60,876.269594
12.0,319,877.158409
-10.0,305,877.276517
21.0,3538,879.269921
20.0,6012,883.764046
29.0,4322,886.811327
-9.0,337,887.685129
11.0,133,887.74218
-9.0,190,887.816248
13.0,1117,888.219615
-5.0,2950,890.958106
-10.0,60,890.980126
-9.0,1031,891.352465
-3.0,1851,892.768753
13.0,669,893.740637
-10.0,59,893.76666
11.0,123,893.819709
13.0,1009,894.197052
-10.0,60,894.219072
-6.0,2170,895.757471
10.0,61,895.779491
-7.0,1466,897.083678
-9.0,902,897.423987
11.0,207,897.499055
19.0,2777,899.938777
14.0,2193,901.498195
-9.0,210,901.574265
-10.0,121,901.618304
12.0,915,902.687276
-7.0,389,902.838414
-9.0,348,902.96553
-9.0,209,903.039597
-8.0,1082,904.136595
1.0,6302,908.726274
22.0,5438,912.207012
-10.0,383,912.343136
-10.0,140,913.111835
-8.0,968,913.479169
20.0,5482,917.70301
17.0,3910,920.609156
20.0,6301,925.06521
19.0,4211,928.176044
-9.0,319,928.298156
10.0,63,928.320176
23.0,7412,933.934784
-10.0,127,933.983829
-9.0,220,934.066905
-6.0,2003,935.554257
10.0,60,935.578279
13.0,627,935.812493
17.0,3958,938.765682
16.0,3598,941.536705
19.0,4306,944.522421
12.0,335,944.694577
17.0,4435,947.754865
14.0,1831,949.205184
-10.0,60,949.226707
-10.0,58,949.247726
-8.0,1389,950.462831
11.0,151,950.518882
7.0,4834,953.731805
15.0,1069,954.874845
-6.0,1404,955.465382
16.0,1530,956.732535
-7.0,610,956.949732
24.0,18442,970.485057
11.0,179,971.279779
20.0,3753,973.422729
21.0,5707,977.878782
-10.0,58,977.899801
28.0,7765,983.890256
16.0,2185,985.502723
-1.0,3103,988.133115
15.0,3596,990.287577
16.0,2472,992.643222
-10.0,56,992.666243
-7.0,1808,993.44295
-9.0,909,994.52494
12.0,1040,994.905286
12.0,282,995.836133
11.0,160,995.900191
-6.0,2250,997.566707
-8.0,1404,998.066161
-7.0,1535,999.374351
16.0,3047,1002.010756
10.0,69,1002.040784
13.0,1269,1002.50921
-9.0,725,1003.528136
-9.0,298,1003.650248
-6.0,2899,1005.527956
-2.0,3683,1008.449613
-10.0,81,1008.47964
11.0,641,1008.710851
17.0,1608,1010.071088
16.0,1642,1011.468359
-9.0,473,1011.641517
-10.0,63,1011.663537
-10.0,189,1011.732599
-7.0,633,1012.751525
-7.0,507,1012.950707
13.0,1350,1013.443155
-8.0,452,1014.424551
-5.0,1550,1015.015087
12.0,1192,1016.268227
19.0,5627,1020.634199
-6.0,1863,1022.03247
-5.0,2347,1023.621916
15.0,3268,1025.542166
14.0,2341,1027.881293
0.0,4668,1031.023151
17.0,4122,1034.036893
-7.0,373,1034.169013
10.0,68,1034.194036
-8.0,1091,1035.304548
13.0,1994,1036.751864
-9.0,274,1036.858961
22.0,1251,1037.388444
-10.0,62,1037.411464
-10.0,122,1037.456505
12.0,1648,1038.787716
22.0,4899,1042.740311
14.0,426,1042.90346
12.0,1158,1043.319839
14.0,1110,1044.505917
-8.0,352,1044.632032
-9.0,247,1044.720112
26.0,7669,1050.419799
-10.0,144,1050.470845
-6.0,900,1050.790136
-9.0,463,1051.679945
-3.0,3011,1053.478581
-8.0,514,1053.662749
16.0,3537,1056.407749
15.0,2754,1058.819943
-10.0,236,1058.976085
-9.0,250,1059.072172
17.0,4249,1062.085914
-10.0,55,1062.105932
-10.0,250,1062.200017
-9.0,262,1062.303111
-7.0,430,1062.45525
16.0,1545,1063.728408
12.0,646,1063.958617
28.0,11308,1072.405804
13.0,465,1072.571955
13.0,2054,1074.040291
14.0,2370,1075.621729
-7.0,1579,1076.924915
11.0,354,1077.05203
-10.0,137,1077.100578
-7.0,432,1077.985383
17.0,2402,1079.595847
16.0,3454,1081.589661
17.0,3557,1084.328152
12.0,1231,1085.503225
17.0,2717,1087.242311
-1.0,6020,1091.582258
-9.0,458,1091.746408
21.0,4735,1095.612924
12.0,486,1095.808102
12.0,1123,1096.207466
-10.0,60,1096.228485
20.0,4334,1099.300008
15.0,2308,1101.584085
13.0,697,1101.86334
-4.0,2350,1103.458791
12.0,276,1103.557881
-2.0,3574,1106.318392
-9.0,214,1106.396463
-9.0,593,1106.611658
-7.0,629,1107.598058
14.0,2379,1109.21553
16.0,2070,1110.672856
-9.0,929,1111.009162
-4.0,3199,1113.635551
24.0,10113,1120.955217
-9.0,603,1121.170413
-9.0,227,1121.251487
20.0,3075,1123.802807
19.0,2212,1125.34421
-7.0,1544,1125.919733
12.0,275,1126.799533
-10.0,61,1126.823555
-9.0,240,1126.914638
-9.0,281,1127.018733
-9.0,245,1127.113819
16.0,3319,1129.850813
11.0,199,1129.925882
15.0,3039,1131.731524
-9.0,205,1131.804591
10.0,66,1131.827612
18.0,5330,1135.950866
10.0,69,1135.978892
18.0,3709,1138.810971
-10.0,354,1138.947095
4.0,4759,1142.189044
-8.0,1393,1143.443185
34.0,9566,1150.720306
-10.0,61,1150.746329
21.0,7538,1155.733865
-9.0,785,1156.863893
19.0,2430,1158.488875
-9.0,197,1158.558939
-10.0,200,1158.630003
-3.0,2756,1160.510714
10.0,67,1161.279413
2.0,4820,1164.917732
1.0,6246,1169.573972
-8.0,1168,1169.989351
-10.0,69,1170.731025
-7.0,2226,1172.313465
-10.0,63,1172.336485
13.0,1934,1173.760781
-2.0,4654,1176.918659
-9.0,255,1177.008741
-10.0,61,1177.030761
-9.0,507,1177.211926
11.0,202,1177.283992
-10.0,59,1177.305011
16.0,4200,1180.252268
11.0,128,1180.29831
-5.0,4030,1183.188939
-9.0,503,1184.071742
-10.0,82,1184.106774
22.0,6045,1188.456989
15.0,2121,1189.991384
-1.0,4750,1193.270366
-9.0,218,1193.35044
-8.0,533,1193.546618
-10.0,189,1194.450439
-10.0,340,1194.609585
-10.0,59,1194.634607
-10.0,101,1194.671641
-10.0,58,1194.693661
12.0,230,1194.778738
27.0,10227,1202.571835
-8.0,1367,1203.790944
-5.0,2575,1205.508008
17.0,2313,1207.152504
-2.0,4524,1210.28135
-7.0,1431,1211.58954
12.0,666,1211.841769
-10.0,64,1211.864791
13.0,458,1212.035946
-10.0,60,1212.057966
-8.0,1089,1213.184991
18.0,4314,1216.214253
-5.0,2342,1217.79119
13.0,683,1218.780089
11.0,192,1218.859161
-10.0,144,1218.919216
-6.0,1653,1220.233411
-7.0,609,1220.470627
11.0,337,1220.592738
-10.0,132,1220.640782
11.0,224,1220.720855
-6.0,2560,1222.400382
-10.0,98,1222.437416
-6.0,2216,1224.8341
-7.0,1252,1225.314538
10.0,67,1225.33956
-4.0,4103,1228.389333
23.0,8622,1234.522913
12.0,889,1235.590387
-10.0,59,1235.613408
-10.0,62,1235.636429
23.0,7248,1240.689024
12.0,202,1241.503765
10.0,67,1241.537796
10.0,63,1241.566823
-10.0,67,1241.59685
-5.0,2897,1243.389985
12.0,530,1243.580158
-9.0,678,1244.552041
11.0,324,1244.676155
-8.0,1198,1245.126067
13.0,1077,1246.242082
10.0,74,1246.269107
-10.0,59,1246.291127
11.0,131,1246.33817
-9.0,260,1246.434257
-5.0,1775,1247.82252
10.0,66,1247.845541
11.0,1030,1248.952547
-9.0,493,1249.135714
13.0,1653,1250.482939
14.0,1612,1251.073476
-10.0,197,1251.893222
-3.0,5005,1255.247785
-10.0,320,1255.366893
-4.0,3817,1258.405657
30.0,4858,1261.737688
-2.0,906,1262.816669
-9.0,786,1263.096924
0.0,4339,1266.432965
21.0,5776,1271.094709
-6.0,503,1271.29489
-10.0,59,1271.31591
-8.0,418,1272.336838
11.0,221,1272.432926
9.0,8021,1278.455907
-6.0,2111,1280.028338
10.0,65,1280.059366
21.0,4961,1283.354363
-8.0,756,1283.62561
-10.0,265,1284.465374
-8.0,985,1284.842717
10.0,68,1284.876748
22.0,4139,1287.884989
-6.0,600,1288.101185
14.0,2284,1290.483352
16.0,3757,1292.590268
-9.0,267,1293.430032
20.0,6091,1297.063957
12.0,1242,1298.229017
-10.0,61,1298.251037
16.0,3256,1300.850401
32.0,11314,1308.491981
-9.0,258,1308.585066
-8.0,409,1309.426831
13.0,1681,1310.036386
-9.0,598,1310.953219
-10.0,139,1311.011273
13.0,661,1311.254494
-9.0,365,1311.383611
10.0,63,1311.405631
13.0,1151,1312.546669
16.0,3449,1315.240622
21.0,5306,1318.563246
15.0,2913,1321.031491
17.0,4255,1324.000191
22.0,8680,1329.964622
17.0,5021,1333.236598
17.0,4052,1336.197814
10.0,69,1336.223838
10.0,65,1336.247859
16.0,2803,1338.696087
-9.0,208,1338.775158
11.0,156,1338.830208
10.0,67,1338.85423
12.0,1264,1340.016287
10.0,63,1340.04131
14.0,726,1340.313558
-10.0,63,1340.335578
-10.0,54,1340.355596
-10.0,56,1340.375614
-7.0,1586,1341.670792
-8.0,1585,1342.959965
11.0,183,1343.033031
30.0,4150,1346.004307
13.0,265,1346.103503
-10.0,84,1346.133546
-6.0,1908,1347.553838
11.0,146,1347.605885
-9.0,360,1347.734002
11.0,11510,1356.125634
-8.0,285,1356.239738
-5.0,2068,1357.687335
-9.0,557,1357.884515
29.0,11000,1365.372331
-8.0,1423,1366.585938
-7.0,1007,1367.63289
-6.0,1964,1369.063191
11.0,369,1369.206321
-6.0,2086,1370.666649
10.0,60,1370.688669
-9.0,836,1370.98594
14.0,230,1371.068014
-6.0,1049,1372.157005
13.0,1580,1373.435168
-10.0,56,1373.458189
17.0,3220,1375.38294
21.0,4453,1378.40942
13.0,645,1379.368292
14.0,2924,1381.119885
29.0,7807,1386.774034
18.0,4679,1389.95793
-7.0,1512,1391.217075
13.0,11111,1398.921082
15.0,2300,1401.256212
13.0,1625,1401.863765
19.0,5261,1405.991073
-10.0,130,1406.037115
-8.0,384,1406.175268
10.0,10235,1413.444509
-6.0,741,1413.709751
21.0,5319,1417.872701
11.0,133,1417.919744
11.0,259,1418.064876
-10.0,194,1418.134939
24.0,6311,1422.658145
12.0,533,1423.566971
13.0,1584,1424.133559
-10.0,332,1424.952257
-7.0,1187,1425.437704
-2.0,3003,1427.937617
-10.0,112,1427.984167
-10.0,60,1428.006187
-1.0,4118,1430.970936
12.0,774,1431.245186
6.0,7535,1436.900377
-10.0,58,1436.920395
20.0,4977,1440.140368
11.0,652,1441.080726
-10.0,107,1441.119761
-10.0,215,1441.197833
19.0,4797,1444.339825
-9.0,449,1444.498969
19.0,2286,1446.039966
-8.0,354,1446.861713
20.0,4887,1450.249862
-7.0,552,1450.47112
-5.0,506,1451.387954
11.0,302,1451.514069
-1.0,3555,1453.626991
0.0,6126,1458.486956
13.0,400,1459.511887
-1.0,5327,1463.302839
-1.0,4446,1466.746972
10.0,64,1466.772996
17.0,1639,1468.404983
-8.0,1462,1469.793749
-8.0,1111,1470.215133
14.0,1971,1471.753532
-9.0,512,1472.732422
11.0,204,1472.814497
-6.0,2156,1474.573097
16.0,3377,1476.7671
-7.0,1813,1478.412102
1.0,4508,1482.495816
-8.0,299,1482.622931
-10.0,70,1482.652959
13.0,1019,1483.048319
12.0,250,1483.1384
-9.0,169,1483.198455
10.0,61,1483.221476
-2.0,3534,1486.005008
-6.0,437,1486.164153
-5.0,3569,1488.975213
-9.0,307,1489.085313
15.0,539,1490.03918
-10.0,56,1490.067205
-10.0,129,1490.124257
13.0,1999,1491.596596
-5.0,1852,1492.978854
-10.0,460,1493.159018
-10.0,62,1493.181038
16.0,3812,1496.021621
11.0,312,1496.138728
13.0,854,1496.441507
13.0,565,1497.43441
-10.0,86,1497.470443
11.0,184,1497.542508
10.0,65,1497.571535
-8.0,1833,1498.939281
-7.0,480,1499.118444
-9.0,777,1499.393695
13.0,1838,1500.774951
12.0,1509,1502.045106
-9.0,225,1502.125179
11.0,263,1502.218264
-8.0,915,1502.54356
14.0,2860,1504.998793
11.0,332,1505.115899
-10.0,123,1505.159939
-3.0,1189,1506.298975
-10.0,57,1506.323501
21.0,4812,1509.536927
-10.0,329,1509.653033
-8.0,1469,1510.888156
17.0,4573,1514.000988
10.0,81,1514.030014
-7.0,444,1514.188158
17.0,4653,1518.012672
10.0,62,1518.03669
-10.0,61,1518.060712
2.0,6341,1522.48874
-10.0,62,1522.51076
13.0,736,1522.771998
-10.0,57,1522.793017
1.0,6506,1527.288608
-10.0,195,1528.069875
17.0,3346,1529.998629
-7.0,1975,1531.43994
11.0,353,1531.567056
13.0,1671,1532.911286
-10.0,94,1532.944316
-10.0,245,1533.031395
19.0,5120,1537.031537
30.0,7027,1541.74401
-6.0,1198,1542.924083
-9.0,671,1543.161299
11.0,189,1543.232364
11.0,726,1544.216258
22.0,6431,1548.704346
12.0,762,1548.977596
-9.0,231,1549.05967
18.0,1375,1550.263765
-7.0,771,1550.551027
17.0,2084,1552.048389
12.0,853,1553.111356
-3.0,3189,1555.004077
-9.0,268,1555.101166
-3.0,3391,1557.781603
11.0,108,1557.819638
-2.0,3294,1560.496612
12.0,778,1560.778869
-4.0,2909,1563.264129
12.0,373,1563.405257
12.0,274,1563.510353
-9.0,359,1563.637469
-10.0,61,1563.659489
-9.0,210,1563.734557
11.0,156,1563.790608
-10.0,144,1563.841655
12.0,217,1563.918725
13.0,290,1564.710444
10.0,56,1564.733466
12.0,212,1564.812537
17.0,3363,1566.7458
12.0,900,1567.766728
20.0,5651,1571.22739
-8.0,292,1572.022113
-9.0,501,1572.219292
0.0,5867,1576.514702
19.0,5560,1579.92831
14.0,1023,1580.993279
15.0,1759,1582.326491
-3.0,1627,1583.623671
14.0,1869,1585.014937
11.0,218,1585.094008
-2.0,4847,1588.235563
14.0,390,1588.373689
14.0,1910,1589.762952
-10.0,61,1589.784972
14.0,1502,1591.009086
12.0,292,1591.11318
15.0,2752,1592.836748
10.0,66,1592.865774
-9.0,575,1593.781607
-7.0,964,1594.129924
17.0,4777,1597.318825
14.0,1755,1598.681155
16.0,4400,1601.69247
16.0,3357,1604.314358
22.0,6005,1608.579741
-5.0,2702,1610.266275
-7.0,1603,1611.557449
-1.0,2883,1614.013683
-5.0,774,1614.304948
16.0,4215,1617.336209
-4.0,1463,1618.569835
11.0,686,1618.816562
-10.0,57,1618.839583
11.0,224,1618.919656
-3.0,2893,1621.356873
11.0,120,1621.400913
1.0,4710,1624.537766
16.0,3029,1626.345914
11.0,127,1627.095596
-6.0,702,1627.366843
15.0,2472,1628.974862
-2.0,3342,1631.607256
22.0,6649,1636.256485
-10.0,68,1636.281508
11.0,524,1636.46718
16.0,769,1637.45608
-9.0,499,1637.642792
12.0,424,1637.79393
10.0,57,1637.813948
-6.0,2201,1639.3003
-7.0,1775,1640.650528
-9.0,455,1640.811674
-7.0,1487,1642.077826
15.0,743,1642.340065
43.0,17206,1654.922166
12.0,448,1655.084313
32.0,10072,1662.323403
17.0,2545,1663.950884
-8.0,327,1664.116034
14.0,2335,1665.664946
-7.0,982,1666.728914
13.0,1289,1667.887644
-9.0,591,1668.20193
-9.0,444,1668.359073
15.0,378,1668.493195
17.0,4362,1671.534962
17.0,3544,1674.22641
15.0,2960,1676.749705
13.0,320,1676.872817
-4.0,2250,1678.399843
11.0,412,1678.545976
11.0,253,1678.686103
-3.0,1310,1679.883192
-4.0,3934,1682.73879
11.0,248,1682.834877
-9.0,484,1683.007034
13.0,6950,1687.678287
-3.0,2022,1689.113593
18.0,4127,1692.041255
-5.0,2590,1694.367371
-10.0,60,1694.391393
5.0,7326,1699.243495
12.0,222,1699.322567
11.0,325,1700.152326
-10.0,138,1700.208377
19.0,5950,1704.499279
13.0,491,1704.687451
16.0,3932,1707.524747
12.0,215,1707.60382
-1.0,4977,1710.797725
-8.0,326,1710.91383
11.0,368,1711.744585
12.0,463,1711.919745
-3.0,4517,1714.991539
-9.0,244,1715.077617
18.0,8867,1721.147242
-10.0,64,1721.170263
-5.0,2770,1723.638508
-9.0,885,1723.953794
16.0,3805,1726.767858
11.0,159,1726.825911
10.0,63,1726.847931
-1.0,3818,1729.667128
-8.0,1285,1730.833188
-7.0,1186,1731.257575
12.0,835,1732.274499
17.0,4229,1735.238698
-10.0,147,1735.292747
-9.0,803,1735.589016
-10.0,141,1735.639062
-10.0,63,1735.662083
16.0,3491,1738.424801
-10.0,145,1738.477849
-10.0,154,1738.5329
-6.0,3167,1741.092227
12.0,316,1741.209334
11.0,418,1741.35847
-10.0,178,1741.421527
-8.0,569,1741.623711
-9.0,230,1742.405422
-10.0,258,1742.506513
-10.0,61,1742.530536
-7.0,1824,1743.913794
-8.0,290,1744.028899
18.0,3507,1746.037229
-9.0,169,1746.808931
13.0,1517,1747.369945
-10.0,61,1747.391965
-10.0,261,1747.48505
-10.0,60,1747.506069
-9.0,606,1748.429909
-9.0,211,1748.504977
12.0,1309,1749.667034
-2.0,3061,1751.484688
-8.0,525,1751.670857
-9.0,751,1752.660757
-10.0,146,1752.720812
-6.0,375,1752.858938
-10.0,58,1752.878956
23.0,5571,1757.0998
23.0,24643,1774.62992
-8.0,1509,1775.178923
-9.0,452,1776.063728
10.0,70,1776.092755
-8.0,643,1776.325967
-10.0,57,1776.346986
10.0,60,1776.368005
-8.0,357,1776.502127
-1.0,3556,1779.235116
1.0,4788,1782.362961
-5.0,3035,1784.884254
-10.0,56,1784.904273
-9.0,170,1784.965328
10.0,106,1785.002866
-10.0,57,1785.022884
1.0,3822,1787.87298
-10.0,58,1787.894
-10.0,112,1787.933035
11.0,235,1788.017112
10.0,65,1788.040133
-2.0,4314,1791.009834
22.0,6420,1795.49492
-9.0,867,1796.532472
-8.0,896,1796.855766
10.0,64,1796.878787
-10.0,141,1796.929834
-4.0,2743,1799.319006
-8.0,1048,1799.712364
4.0,7308,1805.253908
-2.0,3612,1807.271258
-10.0,82,1807.300284
1.0,7020,1812.774264
-7.0,1334,1813.960342
-10.0,58,1813.985365
16.0,1794,1814.641962
-8.0,278,1815.4537
-10.0,195,1815.525766
-10.0,54,1815.548787
-9.0,444,1815.708933
0.0,4053,1818.683646
11.0,372,1818.815766
-10.0,62,1818.838787
-10.0,177,1818.902845
14.0,2354,1820.463265
15.0,3029,1822.991565
-5.0,2700,1824.69662
-10.0,62,1824.719639
-10.0,64,1824.742661
11.0,722,1825.712046
12.0,1088,1826.111409
-9.0,439,1826.267552
-7.0,600,1827.196396
12.0,650,1827.440619
-10.0,55,1827.460637
10.0,56,1827.480655
-9.0,758,1827.752903
-6.0,1400,1828.986024
10.0,60,1829.008044
16.0,3277,1831.615416
13.0,1993,1833.062732
-10.0,58,1833.085753
-5.0,2916,1834.864875
-9.0,494,1835.041035
-10.0,69,1835.066058
-9.0,648,1836.02243
15.0,2203,1837.595861
10.0,67,1837.621885
-10.0,134,1837.669929
-9.0,547,1837.867108
23.0,6092,1842.208056
-10.0,291,1842.31115
10.0,63,1842.334171
-9.0,675,1843.307056
-9.0,510,1843.502234
11.0,124,1843.546274
13.0,1483,1844.770891
-8.0,1130,1845.183416
-5.0,2252,1846.72888
-9.0,166,1846.787934
-7.0,948,1847.856906
-10.0,256,1847.947989
-6.0,1769,1849.318235
-6.0,2053,1850.767554
-9.0,711,1851.019783
-10.0,132,1851.066826
15.0,2957,1853.597127
19.0,5908,1857.908767
-5.0,2902,1859.683382
-9.0,466,1859.849533
-9.0,673,1860.823419
0.0,4623,1863.909729
-9.0,654,1864.152951
18.0,4489,1867.17491
-9.0,350,1867.313035
11.0,186,1868.084738
-10.0,60,1868.10976
16.0,793,1868.40603
12.0,322,1868.520133
-9.0,497,1868.696294
-10.0,61,1868.718314
-7.0,1549,1869.990471
-2.0,2163,1871.480826
11.0,423,1871.630963
-10.0,148,1871.685012
-9.0,233,1872.462719
-10.0,60,1872.484739
-8.0,774,1872.769999
12.0,564,1872.970181
15.0,2976,1875.483971
11.0,182,1875.550031
-7.0,397,1875.691159
13.0,1556,1876.977833
-8.0,1215,1877.410227
11.0,197,1877.483293
-10.0,143,1878.226969
11.0,461,1878.416141
-10.0,308,1878.529244
-8.0,1173,1878.945623
11.0,658,1879.890483
12.0,390,1880.028608
-9.0,400,1880.170738
-4.0,1844,1881.554996
10.0,83,1881.585024
-10.0,61,1881.609046
13.0,396,1881.759182
-10.0,381,1882.589937
10.0,69,1882.616962
12.0,1356,1883.10941
-9.0,477,1883.277563
12.0,304,1884.094306
-6.0,2243,1885.623697
-10.0,70,1885.650722
15.0,1997,1887.071796
-10.0,273,1887.169886
16.0,3014,1888.959517
10.0,67,1888.983539
15.0,2783,1891.422758
-9.0,222,1891.501829
27.0,10464,1898.907267
-9.0,200,1898.983336
19.0,6628,1903.543484
-10.0,213,1903.619554
-10.0,247,1904.426791
-4.0,2914,1906.197026
-10.0,117,1906.239064
-10.0,325,1906.354169
-10.0,59,1906.375188
26.0,3552,1909.095663
-10.0,148,1909.148711
22.0,682,1909.391932
23.0,2018,1910.836246
-10.0,371,1910.969367
-9.0,458,1911.840159
21.0,4952,1915.064605
10.0,65,1915.087626
-10.0,58,1915.108645
-10.0,232,1915.19172
12.0,319,1915.305824
-6.0,2334,1917.608421
11.0,448,1917.79259
-8.0,1248,1918.236994
12.0,263,1919.086767
19.0,1688,1919.715338
-9.0,818,1920.729261
-8.0,738,1921.001508
-7.0,1897,1922.391773
-5.0,2312,1923.917161
-10.0,364,1924.046278
13.0,1629,1925.334953
16.0,3884,1928.139717
10.0,61,1928.161737
-3.0,3272,1930.760603
-7.0,759,1931.035853
-9.0,192,1931.104916
-8.0,540,1931.3071
11.0,182,1931.373161
-10.0,397,1932.226937
13.0,1478,1932.756418
12.0,293,1933.571159
11.0,269,1933.683261
-4.0,1462,1934.208739
13.0,1741,1935.565974
15.0,2255,1937.086861
-9.0,828,1938.128808
-10.0,85,1938.159837
-10.0,115,1938.200874
-7.0,1343,1939.393959
12.0,1359,1939.90042
-10.0,132,1939.947463
-2.0,1417,1941.158564
-9.0,190,1941.226626
-3.0,1067,1942.298601
-6.0,2203,1943.81398
-10.0,84,1943.845007
21.0,7710,1948.759495
12.0,383,1949.619277
-10.0,56,1949.644299
-8.0,297,1949.757402
-7.0,1329,1950.226829
-10.0,235,1951.001533
13.0,1968,1952.421825
-10.0,139,1952.47187
-10.0,65,1952.496894
-8.0,735,1952.772144
-5.0,2730,1954.461681
12.0,1468,1955.700808
-10.0,233,1955.783884
18.0,5536,1959.904431
-8.0,1632,1961.209617
-10.0,113,1961.254659
-8.0,1077,1961.637007
14.0,2394,1963.211439
-2.0,3736,1965.952933
-2.0,4268,1968.87109
-5.0,3400,1971.539665
7.0,11162,1979.17828
-10.0,55,1979.198298
-10.0,57,1979.21882
-9.0,259,1980.0381
-9.0,111,1980.082141
-10.0,67,1980.107163
-9.0,211,1980.194243
-9.0,186,1980.260303
12.0,240,1980.34538
10.0,86,1980.377409
-5.0,2207,1981.881778
-7.0,1575,1983.147929
-10.0,196,1983.217993
-10.0,54,1983.23701
16.0,2602,1984.902242
-7.0,1243,1986.057315
12.0,934,1986.386615
-10.0,168,1986.446669
10.0,68,1986.470691
-10.0,404,1987.31449
-7.0,383,1987.461624
-2.0,4036,1990.33629
11.0,197,1990.406353
12.0,257,1990.497443
11.0,307,1990.606542
13.0,2025,1992.05739
11.0,392,1992.196517
11.0,141,1992.246562
-10.0,120,1992.289601
-7.0,2684,1994.643364
-8.0,1117,1995.049715
10.0,86,1995.080743
-3.0,3731,1997.843375
-9.0,615,1998.062051
16.0,1315,1999.268148
15.0,2738,2000.963744
21.0,6320,2006.056017
-9.0,470,2006.24619
-10.0,67,2006.270212
12.0,359,2006.398329
4.0,3434,2009.044367
13.0,1129,2009.463749
-8.0,1457,2010.691898
12.0,1175,2011.788944
11.0,214,2011.869016
-7.0,464,2012.048179
12.0,331,2012.165286
-10.0,57,2012.186305
13.0,1852,2013.587083
18.0,13641,2023.660618
-9.0,243,2023.757707
12.0,332,2023.886824
-10.0,255,2023.978908
15.0,1733,2025.321129
-10.0,64,2025.34415
-10.0,160,2025.401202
12.0,984,2025.75052
-9.0,233,2026.541742
10.0,68,2026.567766
-9.0,253,2026.672861
-9.0,626,2026.898067
-10.0,60,2026.920087
-8.0,1202,2028.050114
25.0,3496,2030.029915
16.0,3443,2032.687836
11.0,167,2032.747891
12.0,239,2032.831967
26.0,10513,2040.272735
-8.0,1146,2041.435296
-10.0,60,2041.457316
-4.0,4754,2044.664736
-10.0,61,2044.687757
10.0,63,2044.711779
-10.0,97,2044.747812
-3.0,4489,2048.665375
-7.0,1296,2049.169834
16.0,2255,2050.72275
11.0,653,2051.674616
13.0,558,2051.892814
15.0,3261,2053.8521
-9.0,726,2054.884038
15.0,410,2055.035176
-7.0,1697,2056.610617
11.0,256,2056.708705
-4.0,3050,2058.795612
-8.0,1709,2060.372046
-10.0,138,2060.425094
-7.0,671,2061.607169
-9.0,554,2061.826369
-7.0,2116,2063.485878
-9.0,185,2063.552939
-8.0,1317,2064.874651
11.0,289,2064.988755
-4.0,544,2065.196944
11.0,211,2065.279019
-10.0,59,2065.301039
12.0,1052,2066.631248
-8.0,786,2066.941531
12.0,573,2067.172741
10.0,68,2067.198764
-10.0,66,2068.089575
-9.0,285,2068.213687
-9.0,467,2068.400858
-10.0,60,2068.423879
10.0,65,2068.447901
12.0,856,2068.781204
10.0,64,2068.806227
-2.0,3903,2071.952088
-10.0,290,2072.083207
13.0,366,2073.047084
-7.0,1690,2073.69067
12.0,1296,2075.022881
14.0,1952,2076.487717
-6.0,2695,2078.187263
-10.0,108,2078.226299
-6.0,1490,2079.513469
-8.0,1354,2080.749594
11.0,732,2081.011832
-10.0,405,2081.158966
-6.0,2796,2083.669249
-9.0,308,2083.782856
13.0,1291,2084.253284
-10.0,270,2085.072028
-10.0,60,2085.096051
-10.0,58,2085.122074
-10.0,57,2085.145094
-7.0,1491,2085.679085
-9.0,337,2086.504835
-6.0,2348,2088.07126
-9.0,962,2088.425583
11.0,233,2088.509659
-5.0,910,2089.570624
-6.0,1986,2091.023946
10.0,82,2091.057978
-9.0,824,2091.360252
-4.0,2414,2092.920671
11.0,231,2093.002746
-7.0,1877,2094.397014
-3.0,1067,2095.497015
-8.0,1145,2095.904889
10.0,61,2096.643561
10.0,64,2096.669585
16.0,2907,2098.486237
17.0,12607,2107.298458
14.0,1130,2108.425483
11.0,329,2108.550597
-9.0,179,2108.616657
-9.0,210,2108.699732
-6.0,2283,2110.262154
0.0,3479,2112.974621
-10.0,69,2112.999644
11.0,343,2113.120754
-6.0,1855,2114.534544
12.0,524,2114.721714
-3.0,3161,2117.252518
-6.0,4010,2120.101109
12.0,331,2120.224221
14.0,1493,2121.464349
-8.0,321,2121.583458
-10.0,262,2121.677543
11.0,739,2121.944786
-7.0,534,2122.134959
-9.0,999,2123.217447
2.0,6154,2127.583074
-9.0,264,2127.677159
27.0,9367,2134.571932
13.0,1133,2134.978844
-10.0,61,2135.000864
-10.0,119,2135.043903
-8.0,1470,2136.282029
15.0,2615,2137.97557
-10.0,59,2137.999592
-10.0,57,2138.022613
12.0,306,2138.875388
12.0,1672,2139.488946
-10.0,63,2139.512969
-9.0,200,2139.585034
-10.0,60,2140.303688
14.0,2263,2141.84509
-10.0,65,2141.872114
-9.0,223,2141.956191
-6.0,2426,2143.513608
-8.0,324,2143.628712
-8.0,1019,2144.709696
-10.0,69,2144.740724
11.0,166,2144.804781
-9.0,717,2145.065058
-10.0,399,2145.206776
2.0,3278,2147.830162
11.0,256,2147.92725
-10.0,62,2147.94927
12.0,335,2148.068378
12.0,345,2148.192491
-6.0,1596,2149.481664
-10.0,61,2149.503684
11.0,275,2149.600772
-10.0,212,2149.675841
-10.0,151,2149.72989
-8.0,269,2150.535622
-9.0,809,2150.831892
-6.0,642,2151.067106
-8.0,381,2151.206232
-8.0,1298,2152.394313
15.0,2731,2154.09137
12.0,783,2155.129817
-1.0,4152,2158.040464
-9.0,372,2158.172584
-3.0,2589,2159.848108
-10.0,66,2159.87213
14.0,692,2160.838008
-10.0,56,2160.86103
10.0,65,2160.885051
-7.0,3131,2162.740739
-10.0,59,2162.762759
-8.0,601,2163.700612
-7.0,1439,2164.222087
11.0,455,2165.076864
-8.0,950,2165.431689
16.0,2476,2167.052163
-10.0,110,2167.092199
-10.0,216,2167.169269
18.0,2617,2169.511403
-10.0,244,2169.603488
13.0,663,2169.837701
-10.0,64,2169.861722
-9.0,913,2170.891659
14.0,2169,2172.403034
11.0,228,2172.495117
-8.0,1350,2172.995573
14.0,1415,2174.25422
11.0,233,2174.337296
-5.0,2705,2176.050357
25.0,4632,2179.921878
24.0,7287,2184.707231
10.0,73,2184.734255
-8.0,508,2185.618561
-8.0,307,2185.740673
11.0,243,2185.827751
-2.0,4444,2188.891543
-9.0,225,2188.971616
-9.0,212,2189.046684
-2.0,3041,2191.571981
13.0,838,2191.872254
14.0,2361,2193.432674
14.0,1818,2194.803422
20.0,5011,2198.801561
15.0,1859,2200.232862
14.0,2100,2201.72522
-10.0,219,2201.816303
-9.0,150,2201.874356
-10.0,92,2201.908387
14.0,2575,2203.542874
16.0,3006,2206.037645
23.0,7930,2211.03419
15.0,3021,2213.54147
-9.0,718,2213.797704
-9.0,165,2213.860761
10.0,67,2213.884783
11.0,222,2213.964855
11.0,132,2214.011898
14.0,1277,2215.173955
-5.0,1592,2216.458627
12.0,235,2216.542704
23.0,6343,2220.982742
0.0,4582,2224.087566
-6.0,1490,2225.35572
-10.0,60,2225.37774
-9.0,303,2225.485838
12.0,336,2225.604946
12.0,297,2226.417685
-1.0,4738,2229.540551
-9.0,443,2229.707703
12.0,1327,2230.899787
12.0,322,2231.014892
15.0,2306,2232.556294
17.0,4288,2235.483958
-2.0,3120,2238.015763
13.0,916,2238.35307
11.0,285,2238.454162
-10.0,61,2238.476182
-8.0,946,2239.558166
13.0,1704,2240.921406
-10.0,163,2240.984464
-4.0,3384,2242.944246
11.0,170,2243.005301
1.0,3911,2245.882919
18.0,4778,2249.760153
-1.0,4413,2252.796915
-9.0,223,2252.880991
-8.0,1275,2253.334404
-9.0,200,2254.109108
17.0,2892,2255.871214
-10.0,403,2256.014344
14.0,1799,2257.370098
-7.0,430,2257.523238
11.0,279,2257.622328
-9.0,617,2258.563183
14.0,2792,2260.309772
-10.0,150,2260.363821
-5.0,2769,2262.807043
16.0,2173,2264.337435
-9.0,996,2264.70577
-5.0,3187,2267.307136
3.0,5842,2270.8944
-2.0,5280,2274.950591
12.0,327,2275.066696
16.0,3546,2277.801184
-10.0,60,2277.823204
16.0,2987,2279.652868
-6.0,1654,2281.024115
17.0,4187,2284.080397
17.0,2143,2285.587773
14.0,821,2286.628719
15.0,710,2286.889957
11.0,241,2286.98104
12.0,1340,2288.191141
12.0,291,2288.295235
-9.0,982,2288.643552
-10.0,108,2289.382224
10.0,109,2289.425263
13.0,1605,2290.012798
12.0,453,2290.88359
4.0,7740,2295.803567
12.0,194,2295.876633
-6.0,868,2296.927589
15.0,1968,2298.359892
-6.0,2362,2299.921313
23.0,4532,2303.029812
-8.0,969,2304.088775
-8.0,403,2304.237911
-5.0,2078,2305.749285
3.0,6150,2310.111253
-8.0,605,2310.328451
15.0,816,2311.33687
10.0,108,2311.379909
-8.0,315,2311.501019
-8.0,356,2311.628135
10.0,55,2311.647152
-2.0,4781,2314.79652
10.0,83,2314.826548
19.0,6077,2319.261582
11.0,229,2319.342656
13.0,322,2320.190426
11.0,343,2320.324549
15.0,3373,2322.258818
12.0,281,2323.062549
11.0,202,2323.14062
12.0,1110,2323.539984
-9.0,536,2323.730157
11.0,185,2324.507864
-9.0,505,2324.704042
21.0,5328,2328.079112
-6.0,413,2328.942898
-7.0,301,2329.057001
14.0,1305,2329.526428
17.0,3569,2332.223887
12.0,935,2333.274843
-9.0,144,2333.330894
-3.0,4630,2336.478757
-5.0,2197,2338.051188
12.0,350,2338.176301
-9.0,333,2338.297412
-2.0,4758,2342.152421
-7.0,1822,2343.530177
-10.0,62,2343.556201
-3.0,2670,2345.329814
12.0,327,2345.446921
-8.0,1075,2346.57795
-8.0,409,2346.750106
-9.0,1072,2347.144465
11.0,298,2347.252563
20.0,6861,2352.923727
13.0,1886,2354.404073
-10.0,147,2354.459123
-6.0,2356,2356.118633
-8.0,1541,2357.449843
11.0,496,2357.636013
-7.0,1139,2358.044384
-9.0,251,2358.899162
-10.0,60,2358.924184
-1.0,4451,2362.130101
-9.0,158,2362.186152
25.0,6445,2366.775835
11.0,214,2366.852905
14.0,2160,2368.385299
-10.0,58,2368.406318
-1.0,4356,2371.545677
11.0,200,2371.618743
-10.0,118,2371.661782
-6.0,3003,2374.17257
-6.0,1823,2375.619886
15.0,660,2375.870114
17.0,2937,2378.505511
15.0,2466,2380.145002
-9.0,211,2380.221072
27.0,9083,2386.426219
-10.0,73,2386.452747
24.0,7478,2392.056348
13.0,647,2392.287061
-10.0,144,2392.345114
-3.0,5891,2396.657627
11.0,438,2397.508401
32.0,8420,2403.466825
21.0,6859,2408.157092
-9.0,472,2408.330249
10.0,65,2408.35327
17.0,3687,2411.39804
12.0,211,2411.48712
36.0,14798,2421.992683
-7.0,1745,2423.357925
11.0,654,2424.296282
-6.0,2920,2426.0749
-7.0,1647,2427.380087
12.0,933,2427.711389
5.0,5340,2431.811621
11.0,739,2432.07386
11.0,225,2432.153933
-7.0,1302,2433.339011
19.0,6005,2437.698155
12.0,1025,2438.060485
-10.0,123,2438.105525
-9.0,247,2438.899247
13.0,1775,2439.551841
-8.0,1267,2440.761942
-10.0,72,2440.787966
14.0,1275,2441.987558
12.0,281,2442.089651
-10.0,359,2442.216767
12.0,288,2442.32987
21.0,3990,2445.193683
19.0,5708,2449.412529
-3.0,3718,2452.15202
18.0,3860,2454.99132
15.0,3014,2456.774943
-9.0,174,2456.836999
-10.0,87,2456.868027
19.0,4302,2459.856746
12.0,542,2460.77358
11.0,487,2460.964753
-8.0,248,2461.053834
11.0,280,2461.155927
-9.0,440,2461.314071
12.0,1647,2462.639277
19.0,5836,2466.892197
-6.0,944,2467.239513
-10.0,57,2467.259531
-8.0,1340,2468.472634
14.0,3290,2471.084009
-9.0,202,2471.165083
14.0,538,2471.357258
12.0,1212,2472.499297
16.0,3241,2474.407032
11.0,147,2474.459584
21.0,9162,2481.330833
-8.0,357,2481.463954
-9.0,212,2481.546029
-10.0,147,2481.600078
-10.0,58,2481.621097
-10.0,239,2481.707176
8.0,8296,2487.582241
-9.0,659,2488.565135
16.0,685,2488.831377
10.0,62,2488.854398
18.0,3213,2491.425737
13.0,1583,2492.018276
12.0,237,2492.102352
16.0,2813,2494.556086
-4.0,2383,2496.124016
12.0,752,2496.391259
-7.0,567,2497.291077
19.0,4810,2500.493991
-7.0,371,2500.62511
14.0,6930,2505.989258
39.0,8002,2511.051864
11.0,266,2511.852592
18.0,3993,2514.019066
11.0,313,2514.835808
21.0,5826,2518.338509
-5.0,2497,2520.658623
15.0,2493,2522.321136
13.0,1064,2522.697479
30.0,8286,2528.571827
-10.0,53,2529.308497
20.0,18851,2542.659501
10.0,66,2542.684524
18.0,2280,2544.208027
-7.0,1675,2545.535298
11.0,291,2545.696445
11.0,479,2545.867601
10.0,63,2545.889621
15.0,1816,2547.253428
11.0,170,2547.314004
-6.0,435,2547.468655
12.0,570,2548.396008
12.0,438,2548.569165
-8.0,1006,2548.983543
-9.0,299,2549.095643
12.0,1790,2550.482906
-4.0,3093,2553.057373
-10.0,141,2553.107417
-1.0,2575,2554.75493
15.0,2505,2556.365899
-9.0,539,2557.356302
-3.0,3116,2559.276551
-7.0,1284,2560.538724
17.0,1306,2561.012665
-6.0,2196,2562.584094
10.0,58,2562.605113
-5.0,577,2563.544968
16.0,3357,2565.503342
-8.0,352,2566.415179
13.0,1529,2566.97669
-6.0,1553,2568.303897
10.0,66,2568.32892
6.0,7538,2574.180308
10.0,67,2574.205331
13.0,1395,2575.435978
13.0,1617,2576.051539
11.0,130,2576.098582
-8.0,306,2576.960365
10.0,63,2576.986389
14.0,2895,2578.789029
20.0,5248,2583.102504
20.0,4494,2586.282396
-9.0,497,2586.463561
13.0,385,2586.600686
14.0,2772,2589.058532
15.0,823,2589.375821
12.0,229,2589.458896
13.0,616,2589.691108
12.0,368,2590.5409
13.0,1846,2591.228526
11.0,336,2592.067289
10.0,67,2592.092311
-8.0,1497,2592.634805
13.0,1463,2593.960011
33.0,15774,2605.775259
10.0,82,2605.805286
-3.0,1119,2606.206651
13.0,1086,2607.404741
11.0,501,2607.584905
14.0,2695,2609.330493
15.0,4577,2613.255565
-10.0,62,2613.280588
10.0,58,2613.303609
-7.0,441,2613.463755
20.0,4981,2616.772764
18.0,3987,2619.738966
12.0,495,2620.657303
18.0,4301,2623.79816
20.0,2978,2625.627825
13.0,1657,2627.046115
12.0,355,2627.172229
10.0,67,2627.196251
19.0,3502,2629.944751
13.0,547,2630.197982
12.0,555,2630.410679
-5.0,2192,2631.958086
21.0,5546,2636.331063
-6.0,967,2637.425058
-8.0,301,2637.54817
-8.0,745,2637.883475
-6.0,2046,2639.359818
12.0,855,2640.381747
15.0,2976,2642.241943
17.0,3402,2644.910369
-6.0,2338,2646.553865
-4.0,2728,2648.299453
11.0,509,2648.489625
14.0,2100,2650.045543
15.0,2196,2651.641497
-10.0,60,2652.413198
-10.0,64,2652.438221
13.0,783,2652.741498
-9.0,207,2652.815565
-8.0,345,2652.937676
19.0,3375,2655.776258
19.0,4347,2658.872577
17.0,4846,2662.120168
11.0,533,2663.05702
-10.0,88,2663.093053
-9.0,330,2663.219168
27.0,7558,2668.316805
-9.0,194,2669.157071
10.0,65,2669.183094
11.0,363,2669.327226
11.0,352,2669.454341
-5.0,2511,2671.127871
-8.0,972,2672.285924
-5.0,2309,2673.850347
24.0,7336,2678.853899
11.0,226,2678.934972
-3.0,3591,2681.819134
14.0,2059,2683.361538
15.0,3025,2685.912858
11.0,755,2686.186107
-5.0,946,2687.256079
23.0,9151,2693.570827
20.0,3835,2696.437435
12.0,210,2696.524525
25.0,8508,2702.519984
15.0,2617,2704.192505
18.0,3979,2707.078129
-10.0,146,2707.13418
34.0,18774,2721.669996
12.0,1105,2722.106898
-9.0,186,2722.178963
13.0,1277,2723.482171
-4.0,2932,2725.456975
-3.0,1253,2726.704613
-6.0,781,2727.0164
-9.0,498,2728.110395
-9.0,282,2728.235011
15.0,4814,2732.194195
12.0,1326,2733.61399
12.0,249,2733.715082
11.0,238,2733.812171
11.0,451,2733.996842
10.0,62,2734.021866
-4.0,3545,2737.423989
-7.0,1312,2739.041964
18.0,3451,2741.79754
10.0,85,2741.832582
-8.0,1350,2743.720458
16.0,2920,2746.156836
13.0,881,2747.593662
10.0,61,2747.622688
-5.0,2938,2749.831719
-9.0,778,2751.082856
-10.0,59,2751.110882
-10.0,55,2751.138907
26.0,7418,2756.874131
10.0,80,2756.908162
-1.0,4544,2761.43129
-9.0,242,2761.544393
11.0,170,2761.619462
-6.0,1515,2762.283065
-7.0,1438,2763.797947
-10.0,81,2763.828975
-9.0,216,2763.913052
-6.0,1633,2765.412415
-1.0,2288,2767.289122
22.0,6159,2772.329742
-4.0,3025,2775.179342
14.0,1865,2776.717245
-10.0,62,2776.743269
14.0,2615,2778.631497
-9.0,874,2778.967803
-8.0,1467,2780.408616
13.0,378,2780.566761
-10.0,80,2780.598788
-7.0,1800,2782.262302
-10.0,103,2782.308344
10.0,68,2782.344377
12.0,210,2782.427452
26.0,7771,2789.072051
-5.0,2306,2790.858192
12.0,435,2791.833079
-4.0,1580,2792.458152
-6.0,409,2792.612292
-7.0,1886,2794.225274
12.0,196,2795.171134
-9.0,479,2795.381325
13.0,263,2795.48542
-9.0,540,2795.696611
13.0,1296,2797.104396
-10.0,56,2797.125415
10.0,56,2797.149436
4.0,7715,2804.115287
-10.0,148,2804.196361
13.0,954,2804.582712
14.0,3029,2807.675525
-7.0,2603,2809.822983
0.0,3869,2813.383243
-10.0,137,2813.440295
-8.0,489,2813.642478
-8.0,1137,2814.987702
-9.0,208,2815.077784
-1.0,4100,2818.538939
-6.0,2073,2820.331569
-3.0,3285,2822.471036
-10.0,67,2822.496059
12.0,675,2823.690648
-3.0,4347,2827.206852
-6.0,426,2827.379008
11.0,251,2827.477098
13.0,1012,2828.884881
15.0,3009,2831.028831
-4.0,2477,2832.864005
-10.0,63,2832.893031
16.0,1203,2834.337849
-8.0,279,2834.443946
10.0,64,2834.467968
-7.0,1410,2835.838221
-10.0,59,2835.860241
17.0,3998,2839.120228
-2.0,4737,2842.730016
14.0,1630,2844.29845
13.0,1593,2845.81333
-6.0,1877,2847.527889
-4.0,4156,2850.992578
-10.0,61,2851.019603
-9.0,636,2851.271832
-9.0,279,2851.378929
-8.0,421,2851.543079
13.0,1796,2853.069971
-6.0,627,2853.31019
-10.0,289,2854.239034
-9.0,530,2854.482255
-5.0,3516,2857.634122
25.0,1850,2859.275624
16.0,2740,2861.277948
13.0,680,2861.543189
15.0,3280,2864.557949
-7.0,1874,2866.192938
-9.0,227,2866.287023
12.0,607,2866.544762
11.0,124,2866.596809
12.0,1172,2867.891987
10.0,59,2867.914007
-7.0,1710,2869.454417
-8.0,1248,2869.959876
-4.0,2887,2873.040188
-10.0,60,2873.071216
-10.0,59,2873.099241
-9.0,498,2873.329451
24.0,5529,2878.485174
11.0,126,2878.543226
-8.0,1149,2878.990633
10.0,66,2879.015656
15.0,2211,2880.716707
14.0,2494,2883.481228
-8.0,1269,2884.002204
-7.0,1088,2885.264855
11.0,256,2885.37996
19.0,3950,2889.01929
21.0,6784,2894.380695
24.0,6093,2899.502858
11.0,149,2899.561911
-10.0,207,2899.646493
-8.0,364,2899.785619
11.0,222,2900.751001
-7.0,1444,2901.350547
17.0,2680,2904.104554
7.0,6063,2908.373953
16.0,1893,2910.031484
12.0,1182,2911.447278
11.0,127,2911.498323
-5.0,2557,2913.434607
-10.0,64,2913.460631
16.0,2521,2916.203125
-6.0,3278,2918.514228
-7.0,457,2918.711407
10.0,79,2918.744437
-9.0,267,2919.73734
-8.0,306,2919.881471
15.0,557,2920.099669
14.0,3098,2922.156549
14.0,2219,2924.808962
11.0,136,2924.882028
-6.0,574,2925.120244
-4.0,3023,2927.250686
10.0,95,2927.286719
11.0,207,2928.292633
14.0,430,2928.480805
11.0,310,2928.59591
-10.0,59,2928.617929
11.0,126,2928.664972
12.0,864,2928.991269
-9.0,152,2929.04732
-10.0,55,2929.852052
-10.0,61,2929.878076
-7.0,1511,2930.475619
-10.0,188,2930.546684
12.0,903,2931.673709
13.0,1627,2933.160061
12.0,274,2933.282676
16.0,2837,2935.295023
11.0,369,2935.433149
11.0,640,2936.434059
-6.0,1862,2937.920411
12.0,1158,2938.382832
36.0,13033,2948.473521
12.0,397,2949.519473
4.0,3913,2952.609283
13.0,1445,2953.179802
11.0,129,2953.230849
-5.0,3088,2956.038906
10.0,65,2956.062928
14.0,2471,2957.809516
20.0,4439,2961.394297
-5.0,2894,2964.060225
-10.0,326,2964.189343
-10.0,78,2964.219371
-9.0,259,2964.321463
13.0,2100,2965.92943
12.0,933,2966.273743
12.0,921,2967.475837
-10.0,65,2967.499859
17.0,2791,2969.495674
14.0,2419,2971.278302
-9.0,444,2972.273207
10.0,60,2972.297229
12.0,1102,2972.700596
25.0,8690,2980.089821
-10.0,62,2980.114844
-10.0,144,2980.173898
11.0,537,2980.38509
24.0,8724,2986.744377
-9.0,166,2986.80343
11.0,144,2986.857479
-10.0,286,2986.961574
-9.0,515,2987.900428
-8.0,1109,2988.326816
11.0,129,2988.379864
-5.0,636,2989.410802
-10.0,61,2989.437826
34.0,13463,2998.976005
-9.0,208,2999.052074
-9.0,549,3000.024959
11.0,558,3000.252165
11.0,214,3000.331238
26.0,6909,3005.187158
27.0,8382,3011.352269
12.0,900,3012.50832
15.0,3413,3015.279841
-6.0,1111,3015.696724
-10.0,59,3015.717743
17.0,4096,3018.784532
12.0,1161,3020.048682
19.0,3498,3022.143588
23.0,5591,3026.517068
-8.0,1446,3027.799235
19.0,4480,3030.958108
4.0,8872,3037.327403
13.0,356,3037.456521
-10.0,96,3038.259251
10.0,54,3038.283273
11.0,391,3038.444419
12.0,358,3038.57654
-8.0,1111,3038.995921
11.0,210,3039.825675
17.0,4511,3043.052611
0.0,5186,3046.465219
-5.0,2966,3049.107126
12.0,347,3049.232239
-6.0,2001,3050.755625
-7.0,989,3051.113951
-10.0,113,3051.154988
-10.0,358,3052.02578
-10.0,221,3052.117864
-5.0,2602,3053.846437
-8.0,1080,3054.974463
11.0,227,3055.063544
-2.0,1264,3055.536974
-6.0,500,3056.4448
14.0,402,3056.60995
12.0,309,3056.723557
-6.0,1557,3058.036751
18.0,4163,3061.639057
17.0,3937,3064.833963
-10.0,107,3064.877001
-8.0,998,3065.260351
10.0,72,3065.286374
-7.0,905,3066.377367
17.0,1668,3067.006939
-10.0,62,3067.02996
-6.0,399,3068.003846
18.0,1035,3068.422731
10.0,62,3068.446753
13.0,1890,3069.912086
24.0,5283,3074.222509
19.0,4073,3077.36837
-9.0,557,3077.585568
-2.0,3371,3080.506728
-10.0,63,3080.533753
-10.0,65,3080.558776
-8.0,573,3080.779977
-9.0,452,3080.945127
-9.0,294,3081.052225
14.0,2259,3082.676702
-8.0,895,3083.821744
-7.0,1402,3084.331207
16.0,3029,3087.039671
19.0,6443,3091.75797
-3.0,5411,3096.024851
-8.0,1043,3096.401194
-7.0,1661,3097.775443
15.0,1622,3099.190233
13.0,1724,3100.625538
-8.0,309,3100.742645
11.0,132,3100.792691
15.0,2691,3102.564302
-10.0,129,3102.611345
13.0,1765,3104.026145
-10.0,62,3104.049166
13.0,566,3104.269366
-10.0,95,3105.038065
-7.0,421,3105.209221
-10.0,64,3105.233243
-8.0,419,3105.387383
-10.0,59,3105.412406
-10.0,58,3105.436428
15.0,2685,3107.185018
11.0,652,3108.182926
2.0,6749,3112.99531
-10.0,314,3113.110415
-9.0,785,3113.403682
11.0,521,3114.34754
-7.0,818,3114.648814
-10.0,151,3114.703864
11.0,230,3114.78694
-9.0,247,3114.877022
-5.0,2532,3117.368287
10.0,66,3117.395312
-7.0,2761,3119.188446
-7.0,1698,3120.567701
-10.0,62,3120.590722
-9.0,196,3120.664789
11.0,217,3120.744862
12.0,236,3120.829939
-10.0,58,3120.850959
17.0,2399,3122.482442
-10.0,60,3122.504462
14.0,1545,3123.850687
-10.0,146,3123.903735
12.0,638,3124.928667
-9.0,691,3125.19491
16.0,2833,3127.011611
22.0,6420,3131.705395
-7.0,357,3132.639747
11.0,132,3132.6978
21.0,6699,3137.5227
24.0,6394,3142.340082
14.0,2761,3144.203782
15.0,2050,3145.82926
12.0,352,3146.888224
12.0,1049,3147.365659
-7.0,1485,3149.270462
-8.0,344,3149.405585
11.0,276,3149.51068
18.0,6108,3154.371134
14.0,1981,3155.904038
-10.0,60,3155.927059
10.0,56,3155.948078
18.0,3673,3159.010398
15.0,652,3159.281153
-1.0,3363,3162.163782
-10.0,358,3162.296903
-10.0,63,3162.319924
22.0,6837,3167.198884
-9.0,221,3168.042656
21.0,3512,3170.092521
-10.0,59,3170.114541
-6.0,1882,3171.596404
-7.0,355,3171.730525
10.0,66,3171.755548
-10.0,364,3172.660873
11.0,144,3172.720928
-9.0,455,3172.896087
12.0,1108,3173.310464
13.0,1449,3174.609148
-10.0,130,3174.658192
-2.0,3824,3177.604382
10.0,66,3177.628403
17.0,4003,3180.739246
-9.0,153,3180.794296
-9.0,165,3180.855351
-7.0,425,3181.007994
-10.0,58,3181.030014
16.0,3332,3183.840079
13.0,1790,3185.255366
17.0,4429,3188.468289
12.0,248,3188.557369
-5.0,746,3189.5803
-3.0,3108,3191.516565
21.0,5362,3195.802463
11.0,282,3195.903555
-9.0,669,3196.146776
-4.0,2026,3197.661154
-9.0,174,3197.726213
11.0,135,3197.776259
13.0,2000,3199.276623
-6.0,503,3200.205467
12.0,320,3200.337588
12.0,310,3200.453694
12.0,230,3200.541774
14.0,1066,3201.716346
13.0,629,3201.97358
0.0,3864,3204.911252
-10.0,64,3204.937276
12.0,1719,3206.318048
-8.0,1028,3206.703398
12.0,884,3207.799395
11.0,328,3207.936022
10.0,67,3207.965049
14.0,2095,3209.555495
12.0,214,3209.633567
21.0,4171,3212.816466
20.0,3348,3215.691081
20.0,7716,3221.37082
-9.0,186,3221.442886
-7.0,432,3222.424778
14.0,2391,3224.203396
12.0,1092,3224.619775
-9.0,491,3225.620685
13.0,2328,3227.425327
11.0,255,3227.53943
10.0,56,3227.562451
14.0,3426,3229.821009
13.0,2427,3232.415369
-8.0,855,3232.743668
15.0,2543,3234.456226
11.0,156,3234.514278
11.0,9888,3242.520077
-7.0,1166,3243.920369
13.0,597,3244.151579
-9.0,642,3244.385792
14.0,1956,3245.94421
-5.0,549,3247.033201
-10.0,138,3247.097259
-9.0,607,3247.331472
10.0,66,3247.358497
14.0,2218,3249.070557
-10.0,55,3249.090575
13.0,888,3250.156545
-10.0,64,3250.186572
13.0,1094,3250.604953
-8.0,587,3250.814143
10.0,58,3250.835162
-10.0,62,3250.857182
11.0,135,3251.636891
-10.0,54,3251.65791
-10.0,102,3251.697947
-8.0,1048,3252.099312
11.0,148,3252.153361
-10.0,62,3252.176382
-9.0,368,3252.308502
-10.0,58,3252.329521
-10.0,64,3252.352542
-10.0,60,3252.375563
-9.0,425,3253.270377
11.0,123,3253.318421
16.0,2444,3254.931888
15.0,2520,3256.624932
-9.0,179,3256.68899
0.0,3627,3259.491043
12.0,1624,3260.860289
-8.0,1357,3262.065384
-8.0,1495,3262.676941
-10.0,307,3262.793046
14.0,2430,3265.349371
-7.0,387,3265.518526
-10.0,57,3265.539545
15.0,862,3265.846824
10.0,66,3265.871847
13.0,2021,3267.420257
-6.0,2109,3268.910114
-10.0,70,3268.935135
-9.0,725,3269.931041
-10.0,61,3269.956064
11.0,145,3270.009112
-9.0,336,3270.128221
12.0,219,3270.222306
-10.0,176,3270.291369
0.0,1331,3271.564526
11.0,319,3271.678631
13.0,740,3271.945874
-10.0,131,3271.993917
-10.0,291,3272.097011
-9.0,694,3273.090915
12.0,551,3273.286093
12.0,318,3273.399196
-9.0,204,3273.472262
-9.0,463,3274.371079
-2.0,4386,3277.437372
-10.0,62,3277.465398
11.0,211,3277.554479
33.0,10848,3285.249096
12.0,254,3285.339178
19.0,5037,3289.397963
13.0,2118,3290.895326
11.0,125,3290.939366
11.0,127,3290.985408
17.0,4029,3293.888552
-10.0,302,3293.99665
16.0,2992,3295.805799
11.0,781,3296.833734
-10.0,175,3296.896791
12.0,1326,3298.142426
-5.0,1601,3298.737968
-9.0,469,3299.713856
17.0,3960,3302.594476
15.0,2201,3304.135878
-10.0,65,3304.161901
11.0,150,3304.226961
20.0,5116,3307.612124
-9.0,281,3307.712835
12.0,400,3308.58322
11.0,460,3308.764385
-3.0,2734,3310.515979
11.0,221,3310.59505
-8.0,360,3310.724168
-10.0,150,3310.777216
14.0,2013,3312.230538
11.0,132,3312.27758
11.0,210,3313.064296
11.0,156,3313.128354
13.0,1960,3314.580675
-10.0,58,3314.605698
11.0,141,3314.665753
-4.0,4197,3317.710522
-8.0,908,3318.036819
-10.0,53,3318.055836
-7.0,1440,3319.30749
12.0,836,3319.606763
14.0,2133,3321.122142
12.0,298,3321.958902
11.0,219,3322.048984
-10.0,125,3322.098028
11.0,103,3322.138065
-10.0,309,3322.252169
-10.0,62,3322.274189
13.0,925,3322.609494
20.0,5797,3326.991982
15.0,3281,3329.650906
-8.0,1583,3330.962098
14.0,1997,3332.434438
12.0,528,3332.645629
14.0,396,3332.787759
7.0,9433,3340.445731
-10.0,66,3340.474757
12.0,233,3340.571846
-10.0,131,3340.61989
-9.0,486,3340.800054
11.0,145,3340.853102
-8.0,1044,3342.133274
-8.0,1191,3342.614712
-9.0,376,3342.757842
-8.0,1361,3344.316765
11.0,289,3344.423862
14.0,1885,3346.053848
-7.0,1383,3347.485652
11.0,268,3347.585743
-10.0,287,3347.688837
-9.0,217,3347.771913
-1.0,5486,3352.426146
-10.0,62,3352.449167
12.0,1115,3352.866546
0.0,5581,3357.412682
-8.0,320,3357.528787
12.0,664,3358.603269
11.0,161,3358.669329
11.0,219,3358.753406
17.0,4830,3362.061415
-9.0,772,3363.069331
-9.0,212,3363.164418
11.0,142,3363.231479
10.0,77,3363.260505
-10.0,262,3363.35359
13.0,2301,3364.912024
16.0,3621,3367.71808
-10.0,61,3367.7401
14.0,1769,3369.118858
-9.0,271,3369.220951
10.0,62,3369.243972
-10.0,57,3369.26399
-9.0,503,3369.443153
-9.0,746,3369.7144
15.0,2965,3372.303755
-9.0,748,3372.568996
-5.0,2886,3375.051253
-7.0,434,3375.209398
20.0,4274,3378.207129
15.0,2496,3379.872644
-6.0,530,3380.060815
14.0,2152,3382.294847
-9.0,160,3382.359906
15.0,2134,3383.87028
-6.0,2009,3385.319598
10.0,65,3385.349626
-10.0,300,3385.462729
-10.0,59,3385.483748
-10.0,204,3385.557815
-7.0,553,3385.754498
14.0,589,3386.677337
-5.0,270,3386.786436
-7.0,1979,3388.200225
-9.0,695,3388.462463
-7.0,1917,3389.945812
-6.0,1047,3390.316149
-3.0,3681,3393.134712
-4.0,2590,3394.805232
-10.0,142,3395.559919
-8.0,1436,3396.101411
-8.0,579,3397.043772
-7.0,476,3397.243954
12.0,293,3397.34905
17.0,4000,3400.241184
15.0,3715,3403.04073
13.0,731,3403.331995
-10.0,61,3403.355016
-9.0,248,3403.444098
13.0,597,3403.657291
11.0,482,3404.563115
10.0,61,3404.585135
13.0,1146,3404.998511
16.0,3472,3407.77304
14.0,2448,3409.392513
15.0,2783,3411.910306
-10.0,70,3411.942335
-10.0,380,3412.086466
17.0,2715,3413.800025
-10.0,138,3413.856076
-7.0,1556,3415.289884
-10.0,67,3415.316909
-9.0,607,3415.547118
-9.0,322,3415.679744
15.0,1152,3417.023469
24.0,3410,3419.849046
-9.0,227,3419.951139
12.0,906,3420.29245
-8.0,958,3421.52457
14.0,2892,3423.388265
-10.0,65,3423.412287
10.0,68,3423.43731
-7.0,1945,3424.995728
-10.0,64,3425.01975
-8.0,288,3425.128848
-4.0,3187,3427.824804
20.0,5588,3432.101695
-10.0,60,3432.123714
-10.0,70,3432.150739
-10.0,61,3432.175761
-9.0,454,3432.350921
11.0,196,3432.420985
-8.0,269,3432.519074
-8.0,647,3432.760294
14.0,2642,3435.283588
-9.0,510,3435.481769
11.0,144,3435.532815
-10.0,65,3435.556837
-7.0,821,3435.849103
-10.0,56,3435.870122
15.0,3071,3438.431956
-10.0,138,3438.481001
12.0,1457,3439.757161
-9.0,207,3439.833231
22.0,6788,3444.532505
-8.0,514,3444.715671
-10.0,140,3444.765717
-9.0,195,3445.556436
0.0,6634,3450.162129
13.0,1154,3450.576508
-10.0,64,3450.599527
-10.0,56,3450.619545
18.0,5384,3454.844388
13.0,2003,3456.338249
-6.0,2207,3457.893166
15.0,2560,3459.541665
-7.0,1949,3460.992985
12.0,1103,3462.139027
11.0,1176,3462.574424
-8.0,835,3463.607363
-8.0,506,3463.787527
-5.0,2912,3465.582664
-5.0,2038,3467.06301
11.0,141,3467.840904
14.0,1874,3468.523525
12.0,1189,3469.744636
-10.0,54,3469.764654
12.0,266,3469.860741
-10.0,61,3469.883762
-10.0,67,3469.907784
-10.0,81,3469.93681
14.0,572,3470.849641
0.0,4049,3473.803327
20.0,6525,3478.618707
19.0,5481,3482.355106
12.0,1002,3483.504151
-8.0,299,3483.610247
15.0,2340,3485.224716
-7.0,1786,3486.727587
2.0,8526,3492.928235
14.0,1567,3494.3195
16.0,4381,3497.672054
-8.0,382,3497.809178
16.0,2581,3500.290469
21.0,4554,3503.534924
-10.0,58,3503.555943
13.0,1551,3504.955719
14.0,1981,3506.533154
12.0,565,3506.758358
14.0,3276,3508.788205
24.0,7061,3514.515919
-6.0,1672,3515.964741
17.0,1900,3517.557694
11.0,145,3517.615747
-4.0,2663,3519.51047
-7.0,1706,3521.014343
19.0,4387,3524.460478
-9.0,215,3524.542552
25.0,9428,3531.79715
-10.0,309,3531.91726
12.0,1732,3533.294513
11.0,268,3533.398608
14.0,2204,3534.952524
-10.0,58,3534.973543
12.0,996,3535.327866
15.0,2033,3536.763171
11.0,174,3536.826229
12.0,371,3537.704027
18.0,2713,3539.449615
13.0,1839,3540.841881
-10.0,62,3540.866904
12.0,253,3540.958987
12.0,480,3541.142154
11.0,373,3541.277277
-3.0,2307,3543.632419
-10.0,62,3543.658442
-10.0,179,3543.733511
19.0,4488,3547.062043
-10.0,125,3547.1251
13.0,2426,3548.931743
11.0,337,3549.055856
-8.0,579,3550.032744
15.0,3168,3552.109156
12.0,1013,3553.426354
13.0,1185,3553.896782
10.0,54,3553.917801
11.0,183,3553.987865
-3.0,3019,3556.851981
-10.0,79,3556.88301
18.0,3064,3558.972423
13.0,1670,3560.422742
14.0,2310,3562.17934
16.0,2882,3564.94787
-9.0,238,3565.04696
10.0,64,3565.071982
10.0,68,3565.104012
14.0,2142,3566.779544
-8.0,349,3566.916668
-1.0,4384,3570.366317
-8.0,1230,3571.611954
10.0,66,3571.637977
14.0,2216,3573.379064
12.0,362,3573.513186
13.0,1979,3575.127654
-10.0,159,3575.187709
18.0,3907,3578.450677
-7.0,1904,3579.943034
-10.0,121,3579.987074
-8.0,1248,3581.306285
-7.0,1764,3582.822664
-10.0,61,3582.849688
-10.0,57,3582.876713
10.0,59,3582.903738
-6.0,2511,3584.716891
-9.0,301,3584.828993
11.0,324,3584.968119
-8.0,757,3586.046099
11.0,267,3586.1572
16.0,3431,3588.234594
-6.0,1852,3589.762984
-6.0,2417,3591.456524
11.0,164,3591.524586
-10.0,155,3592.427925
13.0,619,3592.709181
25.0,9646,3600.785037
10.0,91,3600.826577
-10.0,66,3600.856605
-10.0,231,3600.952693
10.0,66,3600.978716
13.0,1682,3602.497601
-10.0,76,3602.530631
12.0,966,3602.906974
16.0,2493,3604.657069
-10.0,60,3604.678088
10.0,78,3604.708116
-9.0,731,3605.809622
-10.0,61,3605.831642
13.0,2073,3607.316993
-7.0,637,3607.546201
-9.0,727,3607.809441
15.0,1601,3609.215223
-10.0,141,3609.266269
-9.0,1145,3610.472366
-8.0,1356,3611.705488
11.0,143,3611.761538
16.0,4022,3614.701716
-6.0,2542,3616.37624
12.0,580,3616.581426
-10.0,60,3616.603446
-2.0,3549,3619.386978
11.0,284,3619.493074
11.0,123,3619.54212
10.0,63,3619.56514
21.0,4476,3622.684987
-4.0,2122,3624.214378
15.0,1985,3625.645679
11.0,742,3626.662604
18.0,2270,3628.222023
-10.0,64,3628.245044
-7.0,3815,3631.06661
-10.0,161,3631.133671
-10.0,59,3631.15469
13.0,2544,3632.816704
-10.0,242,3632.902782
14.0,2792,3634.650372
-8.0,1274,3635.828443
-3.0,3799,3638.623986
11.0,151,3638.678035
12.0,212,3638.753103
-9.0,283,3638.853194
-10.0,129,3638.900237
13.0,1918,3640.296507
-8.0,359,3640.425625
22.0,3537,3643.222174
16.0,4066,3646.146835
10.0,63,3646.169856
13.0,1699,3647.49406
11.0,257,3647.585143
11.0,177,3647.649201
14.0,1717,3649.04447
-10.0,350,3649.168583
25.0,7578,3654.775689
15.0,2388,3656.396163
-8.0,1091,3657.495162
-10.0,61,3657.520185
-10.0,56,3657.544207
-10.0,291,3657.649303
14.0,2036,3659.105628
-10.0,341,3659.234745
-6.0,454,3659.396892
-8.0,291,3659.500987
-6.0,1311,3660.700582
-10.0,59,3660.721601
-10.0,57,3660.74262
-9.0,260,3660.834703
-9.0,307,3660.943803
13.0,2171,3662.464689
-9.0,595,3663.416555
-10.0,135,3663.473607
14.0,2476,3665.142124
-8.0,1542,3666.418286
-3.0,3762,3669.197813
-6.0,1821,3669.874933
-9.0,202,3670.649638
-8.0,391,3670.807781
-10.0,59,3670.830802
1.0,3390,3672.786187
-10.0,58,3672.807206
11.0,305,3673.653976
14.0,1893,3675.059254
17.0,3152,3676.930957
14.0,1310,3678.149065
-9.0,486,3678.324224
13.0,487,3678.497382
10.0,65,3678.522405
-10.0,162,3678.581459
18.0,5498,3682.770889
-9.0,155,3682.825939
-10.0,62,3682.847959
-10.0,62,3682.87098
17.0,2885,3685.352237
-8.0,1277,3685.823666
13.0,948,3686.88363
-9.0,437,3687.049781
11.0,184,3687.115841
27.0,9314,3693.331039
13.0,1617,3694.67326
-9.0,372,3694.814389
-9.0,834,3695.875353
15.0,9077,3702.07811
-10.0,63,3702.102132
18.0,3147,3704.725518
11.0,105,3704.763553
-10.0,142,3704.817602
17.0,3226,3707.408958
-10.0,372,3707.555092
27.0,6137,3711.989627
12.0,5766,3716.263579
11.0,146,3716.323634
-10.0,61,3716.348657
-10.0,162,3716.408712
-7.0,409,3716.564854
-9.0,230,3716.653935
-10.0,230,3716.743016
-9.0,290,3716.847111
12.0,539,3717.779651
-9.0,322,3717.906775
-8.0,529,3718.117981
-10.0,68,3718.143003
-10.0,61,3718.165023
-3.0,3733,3720.96711
12.0,1669,3722.276461
-10.0,59,3722.302485
12.0,898,3722.636789
11.0,141,3722.688836
14.0,1946,3724.172239
12.0,958,3725.219222
15.0,2676,3726.92482
11.0,206,3726.997886
10.0,64,3727.020907
20.0,4551,3730.122898
-3.0,3586,3732.882945
-5.0,838,3733.180215
-10.0,281,3734.015975
-8.0,1485,3734.586494
-2.0,4055,3737.476637
11.0,302,3737.584736
11.0,971,3738.694789
13.0,409,3738.840928
-10.0,63,3738.862948
11.0,386,3739.001074
11.0,110,3739.040109
-10.0,60,3739.062129
-9.0,209,3739.137197
19.0,5431,3743.329663
-4.0,4308,3746.388445
-6.0,835,3747.414882
-10.0,62,3747.438904
12.0,888,3747.762197
-10.0,208,3747.837294
-9.0,720,3748.851257
15.0,2011,3750.311638
-10.0,65,3750.339663
-10.0,64,3750.364686
-7.0,1138,3750.780064
-8.0,1363,3751.998172
0.0,4100,3754.97651
11.0,273,3755.072597
19.0,2996,3756.889776
-10.0,120,3756.932815
18.0,5785,3761.205779
-8.0,296,3761.309874
-7.0,1510,3762.59204
10.0,62,3762.614059
12.0,1320,3763.826169
-10.0,128,3763.873245
11.0,308,3763.982311
11.0,126,3764.027352
10.0,64,3764.050373
-4.0,1215,3765.223943
20.0,6854,3769.872896
13.0,1047,3770.992914
1.0,4747,3774.139776
-3.0,3234,3776.747155
19.0,4337,3779.765901
-10.0,60,3779.791925
-10.0,61,3779.815946
-8.0,226,3779.898021
-10.0,59,3779.919041
18.0,4701,3783.083919
14.0,1760,3784.433146
-9.0,384,3784.56927
11.0,189,3784.639334
-10.0,63,3784.662355
10.0,62,3784.687377
15.0,2654,3787.10508
-8.0,348,3787.242206
-6.0,2405,3788.828649
11.0,250,3788.916729
18.0,8236,3794.784065
-9.0,253,3794.87715
-8.0,948,3795.970144
14.0,678,3796.217369
18.0,2405,3797.822332
18.0,3790,3800.626883
-9.0,217,3800.702953
-9.0,556,3800.900132
20.0,7953,3806.797006
10.0,66,3806.821028
13.0,1048,3807.902011
14.0,2235,3809.474442
-7.0,410,3809.623577
-7.0,1470,3810.866708
28.0,9356,3817.181191
17.0,2978,3819.674459
-10.0,143,3819.725506
-1.0,2419,3821.300939
-7.0,416,3821.451075
23.0,5042,3825.471234
-8.0,996,3825.825556
13.0,389,3825.965683
11.0,323,3826.802947
-10.0,59,3826.826968
12.0,1237,3827.271877
-10.0,59,3827.292896
-7.0,1050,3828.3969
10.0,66,3828.420922
-8.0,975,3828.769239
17.0,2440,3831.087348
-10.0,60,3831.114372
-7.0,454,3831.299541
11.0,221,3831.378613
1.0,4747,3834.568519
-4.0,1477,3835.828167
0.0,4286,3838.816885
-10.0,157,3838.872936
17.0,3335,3841.518342
15.0,2695,3843.229899
11.0,197,3843.300964
-6.0,2611,3844.980995
-5.0,2525,3847.34565
12.0,414,3847.501791
-5.0,1862,3848.903065
-6.0,2247,3850.428453
-10.0,61,3850.450473
11.0,116,3850.491511
14.0,1626,3851.838736
11.0,122,3851.883777
3.0,2577,3853.587864
11.0,188,3853.654925
25.0,9337,3860.737881
18.0,3192,3862.587564
12.0,383,3862.723687
16.0,3180,3865.386113
15.0,2109,3866.868462
-10.0,72,3866.893485
-9.0,632,3867.11969
11.0,117,3867.165732
12.0,1023,3868.274751
11.0,216,3868.351821
-7.0,1346,3869.595953
-6.0,1699,3870.938174
-10.0,216,3871.020248
16.0,1831,3872.407511
-9.0,189,3872.486582
11.0,196,3872.567656
10.0,63,3872.592679
-9.0,893,3872.909967
-5.0,2567,3874.593003
-6.0,2258,3876.854562
-10.0,127,3876.903607
13.0,1203,3877.342005
-10.0,62,3877.364025
12.0,616,3878.284863
14.0,2601,3879.973399
14.0,463,3880.137548
24.0,3504,3882.817986
-2.0,1364,3883.315439
11.0,154,3883.37149
-4.0,1981,3884.848833
10.0,64,3884.871855
26.0,7587,3890.521495
16.0,2889,3893.024772
-10.0,60,3893.050795
18.0,3331,3894.968053
-10.0,152,3895.023103
21.0,5933,3899.363555
-8.0,594,3899.584756
-7.0,504,3900.498587
18.0,3695,3903.370703
-6.0,527,3903.591904
-8.0,231,3903.681985
11.0,258,3903.778073
-8.0,283,3903.880166
16.0,3342,3906.600144
11.0,122,3906.644184
28.0,7702,3912.310841
22.0,1386,3912.817302
12.0,1001,3913.893785
16.0,1532,3915.155933
-10.0,131,3915.204977
11.0,128,3915.254022
-9.0,207,3915.336097
0.0,4512,3918.440921
2.0,5563,3922.668767
12.0,240,3922.762852
14.0,2034,3924.23169
-10.0,149,3924.284738
12.0,1017,3924.654074
17.0,3757,3927.446614
-8.0,519,3927.631783
11.0,251,3928.437515
20.0,6090,3932.860539
16.0,3277,3934.801806
13.0,335,3934.922917
-7.0,1475,3936.218095
-10.0,152,3936.272144
-10.0,150,3936.325192
-10.0,61,3936.347212
15.0,603,3936.560406
-6.0,969,3937.641389
16.0,2809,3939.391982
12.0,1122,3940.551035
-10.0,270,3940.647123
13.0,2000,3942.066414
18.0,4461,3945.149223
17.0,3557,3947.908733
-10.0,57,3947.928751
12.0,436,3948.083893
18.0,798,3949.083802
-8.0,423,3949.254958
-9.0,459,3949.418106
19.0,3680,3952.204641
22.0,6452,3956.738349
13.0,1533,3958.064555
10.0,53,3958.084573
-4.0,3579,3960.092902
14.0,2211,3962.389991
-9.0,445,3962.566151
-7.0,427,3962.71829
-10.0,65,3962.742311
11.0,513,3962.923476
-10.0,65,3962.947001
10.0,67,3962.971023
-10.0,61,3962.992042
12.0,192,3963.061105
13.0,2316,3965.361701
-7.0,973,3965.721028
-8.0,475,3965.889182
11.0,658,3966.867071
-9.0,447,3967.037226
-8.0,1336,3967.510656
3.0,6887,3972.906564
-8.0,729,3973.166801
-10.0,59,3973.188821
12.0,539,3973.382998
12.0,303,3974.218757
-6.0,2259,3975.756696
17.0,3084,3977.583358
-6.0,2302,3979.132766
11.0,631,3980.105154
25.0,8778,3986.16167
13.0,1578,3987.479869
11.0,729,3987.743109
-7.0,1187,3988.902163
-10.0,69,3988.927186
12.0,620,3989.154392
-10.0,57,3989.175411
-9.0,631,3989.399615
-6.0,1727,3990.793884
-9.0,162,3990.851936
21.0,6790,3996.25786
11.0,118,3996.302901
25.0,6070,4000.711912
-7.0,1631,4001.319464
18.0,3675,4004.08498
15.0,3238,4006.750957
-2.0,3941,4009.598547
-10.0,63,4009.62457
29.0,7087,4014.326854
28.0,8746,4020.347331
-10.0,55,4020.36835
-10.0,67,4020.392371
-9.0,519,4021.310206
11.0,958,4021.649515
18.0,3277,4024.312938
12.0,320,4024.428546
-1.0,5218,4028.510258
11.0,121,4028.562306
27.0,10168,4035.932514
10.0,62,4035.96154
10.0,67,4035.988564
-6.0,2608,4037.700122
-10.0,159,4037.757174
13.0,332,4037.878284
-8.0,975,4038.946255
12.0,826,4039.244526
-10.0,140,4039.294572
12.0,1030,4040.369549
20.0,6437,4044.951718
10.0,53,4044.972737
0.0,5158,4048.279248
19.0,7162,4053.768762
-8.0,989,4054.124085
-9.0,192,4054.192147
-10.0,61,4054.215168
14.0,1122,4055.360209
-8.0,284,4055.461806
30.0,10790,4062.97564
-10.0,58,4062.99766
14.0,2325,4064.559583
12.0,633,4065.586114
-3.0,4193,4068.54981
-10.0,59,4068.570829
-6.0,1622,4069.906043
-10.0,167,4069.974105
12.0,1276,4070.427518
-9.0,324,4071.257272
16.0,3443,4073.24158
15.0,1908,4074.644857
15.0,2436,4076.256512
5.0,6453,4080.754603
15.0,2517,4083.132766
3.0,5756,4087.397652
19.0,3976,4089.542603
-10.0,63,4089.565624
-6.0,655,4090.55052
-10.0,362,4090.687645
-10.0,63,4090.710666
13.0,988,4091.062986
-9.0,500,4091.983823
10.0,66,4092.007845
12.0,671,4092.245061
11.0,113,4092.286098
-10.0,131,4092.332141
19.0,6620,4096.858773
12.0,257,4097.646489
-10.0,61,4097.668509
-9.0,213,4097.761594
-8.0,321,4097.885707
16.0,7540,4103.444264
11.0,309,4103.566375
12.0,725,4103.825611
1.0,5756,4108.075078
16.0,3378,4110.744506
-10.0,60,4110.766526
-7.0,1471,4111.313024
-10.0,111,4111.352059
-8.0,342,4111.480175
11.0,577,4112.461067
-10.0,69,4112.48509
13.0,1668,4113.788778
-9.0,343,4113.921899
-8.0,1310,4114.383318
-10.0,68,4114.40734
16.0,3425,4117.061348
-10.0,135,4117.109392
-9.0,300,4117.215501
10.0,270,4117.311589
15.0,685,4118.267457
-1.0,3635,4121.04098
-9.0,219,4121.131062
11.0,243,4121.222145
14.0,461,4121.385293
-10.0,67,4121.410316
17.0,3083,4123.965641
11.0,208,4124.050718
-1.0,4941,4127.342213
11.0,175,4127.405271
-1.0,3078,4129.950586
-10.0,137,4130.007638
16.0,3385,4131.969422
12.0,330,4132.793171
-9.0,233,4132.884254
-10.0,60,4132.908276
-10.0,61,4132.933299
12.0,351,4133.063417
-10.0,192,4133.131479
14.0,1173,4134.285529
-1.0,3958,4136.458009
22.0,6246,4141.627711
-8.0,279,4141.737811
-8.0,561,4141.938994
-9.0,344,4142.061105
14.0,1597,4143.359286
-7.0,868,4143.67157
-9.0,199,4143.745637
10.0,68,4143.771661
-10.0,64,4143.799687
12.0,213,4144.603417
22.0,6120,4149.007976
16.0,3330,4150.937731
12.0,1276,4152.12381
27.0,8613,4158.134935
-9.0,729,4158.403179
11.0,741,4159.430113
16.0,2718,4161.131661
-8.0,384,4161.266783
5.0,7200,4166.771791
12.0,1000,4167.126632
18.0,3305,4169.759026
-8.0,287,4169.861119
-9.0,219,4169.938189
12.0,334,4170.057297
-4.0,2618,4172.437463
-5.0,2728,4174.163032
-1.0,4759,4177.356937
19.0,4009,4180.287602
17.0,3706,4183.172227
-4.0,798,4183.532058
-10.0,72,4183.559083
-1.0,3719,4186.479739
-3.0,1929,4187.9751
15.0,1929,4189.466456
16.0,1658,4190.849714
-4.0,4841,4194.082158
11.0,135,4194.130202
-7.0,1720,4195.562505
-10.0,98,4195.598536
17.0,3555,4198.384071
11.0,310,4198.507183
13.0,1098,4199.686255
